            INSERT INTO public.employee (id, name, surname, work_start_date, gender, monthly_salary) VALUES (1, 'Трофимов', 'Виталий', '2016-03-24', 'м', 26439);
            INSERT INTO public.employee (id, name, surname, work_start_date, gender, monthly_salary) VALUES (2, 'Антонов', 'Богдан', '2018-12-21', 'м', 26645);
            INSERT INTO public.employee (id, name, surname, work_start_date, gender, monthly_salary) VALUES (3, 'Белоусов', 'Адольф', '2013-12-06', 'м', 25736);
            INSERT INTO public.employee (id, name, surname, work_start_date, gender, monthly_salary) VALUES (4, 'Ковалёв', 'Антон', '2011-09-16', 'м', 25981);
            INSERT INTO public.employee (id, name, surname, work_start_date, gender, monthly_salary) VALUES (5, 'Тихонов', 'Тарас', '2014-04-01', 'м', 29079);
            INSERT INTO public.employee (id, name, surname, work_start_date, gender, monthly_salary) VALUES (6, 'Белов', 'Эльдар', '2014-01-30', 'м', 25668);
            INSERT INTO public.employee (id, name, surname, work_start_date, gender, monthly_salary) VALUES (7, 'Родионов', 'Матвей', '2017-12-30', 'м', 23605);
            INSERT INTO public.employee (id, name, surname, work_start_date, gender, monthly_salary) VALUES (8, 'Поляков', 'Родион', '2005-03-22', 'м', 26884);
            INSERT INTO public.employee (id, name, surname, work_start_date, gender, monthly_salary) VALUES (9, 'Шаров', 'Тимофей', '2012-07-21', 'м', 18589);
            INSERT INTO public.employee (id, name, surname, work_start_date, gender, monthly_salary) VALUES (10, 'Терентьев', 'Николай', '2018-01-06', 'м', 24131);
            INSERT INTO public.employee (id, name, surname, work_start_date, gender, monthly_salary) VALUES (11, 'Калашников', 'Андрей', '2005-12-11', 'м', 17035);
            INSERT INTO public.employee (id, name, surname, work_start_date, gender, monthly_salary) VALUES (12, 'Калинин', 'Георгий', '2017-08-24', 'м', 25192);
            INSERT INTO public.employee (id, name, surname, work_start_date, gender, monthly_salary) VALUES (13, 'Голубев', 'Касьян', '2006-10-31', 'м', 28432);
            INSERT INTO public.employee (id, name, surname, work_start_date, gender, monthly_salary) VALUES (14, 'Герасимов', 'Николай', '2016-12-04', 'м', 20274);
            INSERT INTO public.employee (id, name, surname, work_start_date, gender, monthly_salary) VALUES (15, 'Ефремов', 'Корней', '2009-09-05', 'м', 17226);
            INSERT INTO public.employee (id, name, surname, work_start_date, gender, monthly_salary) VALUES (16, 'Дементьев', 'Михаил', '2008-03-27', 'м', 29622);
            INSERT INTO public.employee (id, name, surname, work_start_date, gender, monthly_salary) VALUES (17, 'Лукин', 'Авраам', '2011-07-14', 'м', 29070);
            INSERT INTO public.employee (id, name, surname, work_start_date, gender, monthly_salary) VALUES (18, 'Мясников', 'Любомир', '2009-05-04', 'м', 16319);
            INSERT INTO public.employee (id, name, surname, work_start_date, gender, monthly_salary) VALUES (19, 'Воронов', 'Oрест', '2016-01-21', 'м', 29297);
            INSERT INTO public.employee (id, name, surname, work_start_date, gender, monthly_salary) VALUES (20, 'Гуляев', 'Май', '2015-07-15', 'м', 18666);
            INSERT INTO public.employee (id, name, surname, work_start_date, gender, monthly_salary) VALUES (21, 'Филатов', 'Клемент', '2007-03-25', 'м', 17796);
            INSERT INTO public.employee (id, name, surname, work_start_date, gender, monthly_salary) VALUES (22, 'Кудрявцев', 'Леонид', '2012-11-18', 'м', 24302);
            INSERT INTO public.employee (id, name, surname, work_start_date, gender, monthly_salary) VALUES (23, 'Шарапов', 'Исак', '2006-09-16', 'м', 23886);
            INSERT INTO public.employee (id, name, surname, work_start_date, gender, monthly_salary) VALUES (24, 'Овчинников', 'Денис', '2019-08-18', 'м', 29562);
            INSERT INTO public.employee (id, name, surname, work_start_date, gender, monthly_salary) VALUES (25, 'Якушев', 'Адам', '2005-10-26', 'м', 27249);
            INSERT INTO public.employee (id, name, surname, work_start_date, gender, monthly_salary) VALUES (26, 'Селиверстов', 'Анатолий', '2005-06-27', 'м', 29199);
            INSERT INTO public.employee (id, name, surname, work_start_date, gender, monthly_salary) VALUES (27, 'Кабанов', 'Казимир', '2005-03-31', 'м', 21037);
            INSERT INTO public.employee (id, name, surname, work_start_date, gender, monthly_salary) VALUES (28, 'Борисов', 'Зиновий', '2011-10-20', 'м', 28417);
            INSERT INTO public.employee (id, name, surname, work_start_date, gender, monthly_salary) VALUES (29, 'Мамонтов', 'Валентин', '2008-07-13', 'м', 19595);
            INSERT INTO public.employee (id, name, surname, work_start_date, gender, monthly_salary) VALUES (30, 'Фомичёв', 'Ефрем', '2007-05-16', 'м', 23484);
            INSERT INTO public.employee (id, name, surname, work_start_date, gender, monthly_salary) VALUES (31, 'Белоусов', 'Виктор', '2004-12-19', 'м', 18781);
            INSERT INTO public.employee (id, name, surname, work_start_date, gender, monthly_salary) VALUES (32, 'Ширяев', 'Назарий', '2007-02-11', 'м', 26791);
            INSERT INTO public.employee (id, name, surname, work_start_date, gender, monthly_salary) VALUES (33, 'Пономарёв', 'Адам', '2006-09-26', 'м', 15170);
            INSERT INTO public.employee (id, name, surname, work_start_date, gender, monthly_salary) VALUES (34, 'Никитин', 'Аверьян', '2009-02-17', 'м', 27800);
            INSERT INTO public.employee (id, name, surname, work_start_date, gender, monthly_salary) VALUES (35, 'Носов', 'Богдан', '2009-05-22', 'м', 17721);
            INSERT INTO public.employee (id, name, surname, work_start_date, gender, monthly_salary) VALUES (36, 'Елисеев', 'Ибрагил', '2015-12-07', 'м', 26828);
            INSERT INTO public.employee (id, name, surname, work_start_date, gender, monthly_salary) VALUES (37, 'Пестов', 'Эрнест', '2006-12-02', 'м', 17236);
            INSERT INTO public.employee (id, name, surname, work_start_date, gender, monthly_salary) VALUES (38, 'Григорьев', 'Эльдар', '2014-06-26', 'м', 17871);
            INSERT INTO public.employee (id, name, surname, work_start_date, gender, monthly_salary) VALUES (39, 'Трофимов', 'Бенедикт', '2007-08-05', 'м', 26601);
            INSERT INTO public.employee (id, name, surname, work_start_date, gender, monthly_salary) VALUES (40, 'Потапов', 'Аким', '2007-03-29', 'м', 29647);
            INSERT INTO public.employee (id, name, surname, work_start_date, gender, monthly_salary) VALUES (41, 'Лобанов', 'Александр', '2009-08-28', 'м', 26308);
            INSERT INTO public.employee (id, name, surname, work_start_date, gender, monthly_salary) VALUES (42, 'Горшков', 'Иннокентий', '2014-01-27', 'м', 17040);
            INSERT INTO public.employee (id, name, surname, work_start_date, gender, monthly_salary) VALUES (43, 'Тетерин', 'Рудольф', '2007-06-30', 'м', 24575);
            INSERT INTO public.employee (id, name, surname, work_start_date, gender, monthly_salary) VALUES (44, 'Веселов', 'Нинель', '2018-06-03', 'м', 16672);
            INSERT INTO public.employee (id, name, surname, work_start_date, gender, monthly_salary) VALUES (45, 'Мухин', 'Алан', '2011-10-14', 'м', 26728);
            INSERT INTO public.employee (id, name, surname, work_start_date, gender, monthly_salary) VALUES (46, 'Жданов', 'Станислав', '2006-01-27', 'м', 29196);
            INSERT INTO public.employee (id, name, surname, work_start_date, gender, monthly_salary) VALUES (47, 'Носков', 'Давид', '2010-12-18', 'м', 18704);
            INSERT INTO public.employee (id, name, surname, work_start_date, gender, monthly_salary) VALUES (48, 'Авдеев', 'Людвиг', '2016-11-28', 'м', 16351);
            INSERT INTO public.employee (id, name, surname, work_start_date, gender, monthly_salary) VALUES (49, 'Богданов', 'Артем', '2017-01-06', 'м', 23576);
            INSERT INTO public.employee (id, name, surname, work_start_date, gender, monthly_salary) VALUES (50, 'Блохин', 'Лев', '2011-09-23', 'м', 29784);
            INSERT INTO public.employee (id, name, surname, work_start_date, gender, monthly_salary) VALUES (51, 'Бобылёва', 'Фелиция', '2008-03-08', 'ж', 19038);
            INSERT INTO public.employee (id, name, surname, work_start_date, gender, monthly_salary) VALUES (52, 'Белозёрова', 'Юлиана', '2019-07-28', 'ж', 16969);
            INSERT INTO public.employee (id, name, surname, work_start_date, gender, monthly_salary) VALUES (53, 'Павлова', 'Полина', '2007-06-21', 'ж', 28047);
            INSERT INTO public.employee (id, name, surname, work_start_date, gender, monthly_salary) VALUES (54, 'Коновалова', 'Юфеза', '2011-03-15', 'ж', 24545);
            INSERT INTO public.employee (id, name, surname, work_start_date, gender, monthly_salary) VALUES (55, 'Комарова', 'Ралина', '2007-11-23', 'ж', 27147);
            INSERT INTO public.employee (id, name, surname, work_start_date, gender, monthly_salary) VALUES (56, 'Шестакова', 'Божена', '2006-10-20', 'ж', 29670);
            INSERT INTO public.employee (id, name, surname, work_start_date, gender, monthly_salary) VALUES (57, 'Самойлова', 'Дарья', '2004-12-25', 'ж', 23462);
            INSERT INTO public.employee (id, name, surname, work_start_date, gender, monthly_salary) VALUES (58, 'Лукина', 'Эвелина', '2008-12-04', 'ж', 28009);
            INSERT INTO public.employee (id, name, surname, work_start_date, gender, monthly_salary) VALUES (59, 'Иванова', 'Алёна', '2008-03-29', 'ж', 17637);
            INSERT INTO public.employee (id, name, surname, work_start_date, gender, monthly_salary) VALUES (60, 'Ильина', 'Зоя', '2006-05-09', 'ж', 19100);
            INSERT INTO public.employee (id, name, surname, work_start_date, gender, monthly_salary) VALUES (61, 'Дроздова', 'Борислава', '2015-07-08', 'ж', 26697);
            INSERT INTO public.employee (id, name, surname, work_start_date, gender, monthly_salary) VALUES (62, 'Афанасьева', 'Таисия', '2019-03-14', 'ж', 17258);
            INSERT INTO public.employee (id, name, surname, work_start_date, gender, monthly_salary) VALUES (63, 'Никонова', 'Ариадна', '2018-10-20', 'ж', 27752);
            INSERT INTO public.employee (id, name, surname, work_start_date, gender, monthly_salary) VALUES (64, 'Петухова', 'Ярослава', '2018-06-17', 'ж', 22499);
            INSERT INTO public.employee (id, name, surname, work_start_date, gender, monthly_salary) VALUES (65, 'Сорокина', 'Веста', '2013-01-29', 'ж', 19122);
            INSERT INTO public.employee (id, name, surname, work_start_date, gender, monthly_salary) VALUES (66, 'Алексеева', 'Дарина', '2010-11-30', 'ж', 15850);
            INSERT INTO public.employee (id, name, surname, work_start_date, gender, monthly_salary) VALUES (67, 'Виноградова', 'Эмилия', '2012-04-25', 'ж', 19160);
            INSERT INTO public.employee (id, name, surname, work_start_date, gender, monthly_salary) VALUES (68, 'Гущина', 'Романа', '2009-10-02', 'ж', 15397);
            INSERT INTO public.employee (id, name, surname, work_start_date, gender, monthly_salary) VALUES (69, 'Лебедева', 'Ивона', '2006-08-13', 'ж', 25921);
            INSERT INTO public.employee (id, name, surname, work_start_date, gender, monthly_salary) VALUES (70, 'Гусева', 'Милана', '2008-04-14', 'ж', 20143);
            INSERT INTO public.employee (id, name, surname, work_start_date, gender, monthly_salary) VALUES (71, 'Кабанова', 'Зоя', '2013-06-24', 'ж', 28019);
            INSERT INTO public.employee (id, name, surname, work_start_date, gender, monthly_salary) VALUES (72, 'Калинина', 'Пелагея', '2018-01-31', 'ж', 18106);
            INSERT INTO public.employee (id, name, surname, work_start_date, gender, monthly_salary) VALUES (73, 'Богданова', 'Аделина', '2013-07-08', 'ж', 15600);
            INSERT INTO public.employee (id, name, surname, work_start_date, gender, monthly_salary) VALUES (74, 'Федосеева', 'Инна', '2012-08-22', 'ж', 26932);
            INSERT INTO public.employee (id, name, surname, work_start_date, gender, monthly_salary) VALUES (75, 'Рогова', 'Тамара', '2012-04-19', 'ж', 18400);
            INSERT INTO public.employee (id, name, surname, work_start_date, gender, monthly_salary) VALUES (76, 'Горшкова', 'Эвелина', '2017-04-03', 'ж', 15557);
            INSERT INTO public.employee (id, name, surname, work_start_date, gender, monthly_salary) VALUES (77, 'Лихачёва', 'Габи', '2010-04-06', 'ж', 29427);
            INSERT INTO public.employee (id, name, surname, work_start_date, gender, monthly_salary) VALUES (78, 'Яковлева', 'Харитина', '2009-01-14', 'ж', 15603);
            INSERT INTO public.employee (id, name, surname, work_start_date, gender, monthly_salary) VALUES (79, 'Воробьёва', 'Андриана', '2014-01-27', 'ж', 25785);
            INSERT INTO public.employee (id, name, surname, work_start_date, gender, monthly_salary) VALUES (80, 'Белозёрова', 'Элиза', '2015-10-19', 'ж', 17126);
            INSERT INTO public.employee (id, name, surname, work_start_date, gender, monthly_salary) VALUES (81, 'Дроздова', 'Лиза', '2006-07-12', 'ж', 17818);
            INSERT INTO public.employee (id, name, surname, work_start_date, gender, monthly_salary) VALUES (82, 'Тимофеева', 'Аделия', '2005-10-29', 'ж', 22501);
            INSERT INTO public.employee (id, name, surname, work_start_date, gender, monthly_salary) VALUES (83, 'Меркушева', 'Хана', '2008-09-28', 'ж', 16070);
            INSERT INTO public.employee (id, name, surname, work_start_date, gender, monthly_salary) VALUES (84, 'Фомичёва', 'Розалина', '2006-07-18', 'ж', 22739);
            INSERT INTO public.employee (id, name, surname, work_start_date, gender, monthly_salary) VALUES (85, 'Кулагина', 'Софья', '2019-03-28', 'ж', 28328);
            INSERT INTO public.employee (id, name, surname, work_start_date, gender, monthly_salary) VALUES (86, 'Григорьева', 'Регина', '2006-09-18', 'ж', 27620);
            INSERT INTO public.employee (id, name, surname, work_start_date, gender, monthly_salary) VALUES (87, 'Комиссарова', 'Лайма', '2010-09-08', 'ж', 21811);
            INSERT INTO public.employee (id, name, surname, work_start_date, gender, monthly_salary) VALUES (88, 'Некрасова', 'Аксинья', '2007-04-04', 'ж', 16671);
            INSERT INTO public.employee (id, name, surname, work_start_date, gender, monthly_salary) VALUES (89, 'Наумова', 'Радослава', '2010-03-16', 'ж', 22286);
            INSERT INTO public.employee (id, name, surname, work_start_date, gender, monthly_salary) VALUES (90, 'Лаврентьева', 'Есения', '2008-04-19', 'ж', 17596);
            INSERT INTO public.employee (id, name, surname, work_start_date, gender, monthly_salary) VALUES (91, 'Евсеева', 'Сабина', '2005-07-18', 'ж', 26569);
            INSERT INTO public.employee (id, name, surname, work_start_date, gender, monthly_salary) VALUES (92, 'Гришина', 'Ясмина', '2007-02-17', 'ж', 23904);
            INSERT INTO public.employee (id, name, surname, work_start_date, gender, monthly_salary) VALUES (93, 'Ефимова', 'Селена', '2013-03-13', 'ж', 28877);
            INSERT INTO public.employee (id, name, surname, work_start_date, gender, monthly_salary) VALUES (94, 'Горшкова', 'Нонна', '2016-11-11', 'ж', 27598);
            INSERT INTO public.employee (id, name, surname, work_start_date, gender, monthly_salary) VALUES (95, 'Ефимова', 'Зоряна', '2005-01-31', 'ж', 16607);
            INSERT INTO public.employee (id, name, surname, work_start_date, gender, monthly_salary) VALUES (96, 'Архипова', 'Мериса', '2016-05-07', 'ж', 22474);
            INSERT INTO public.employee (id, name, surname, work_start_date, gender, monthly_salary) VALUES (97, 'Ильина', 'Гелла', '2018-05-06', 'ж', 18772);
            INSERT INTO public.employee (id, name, surname, work_start_date, gender, monthly_salary) VALUES (98, 'Тетерина', 'Ираида', '2011-11-22', 'ж', 22312);
            INSERT INTO public.employee (id, name, surname, work_start_date, gender, monthly_salary) VALUES (99, 'Гущина', 'Есения', '2010-09-11', 'ж', 19007);
            INSERT INTO public.employee (id, name, surname, work_start_date, gender, monthly_salary) VALUES (100, 'Богданова', 'Эльмира', '2014-12-20', 'ж', 19162);

            INSERT INTO public.access_worker (id, employee_id) VALUES (1, 1);
            INSERT INTO public.access_worker (id, employee_id) VALUES (2, 2);
            INSERT INTO public.access_worker (id, employee_id) VALUES (3, 3);
            INSERT INTO public.access_worker (id, employee_id) VALUES (4, 4);
            INSERT INTO public.access_worker (id, employee_id) VALUES (5, 5);
            INSERT INTO public.access_worker (id, employee_id) VALUES (6, 6);
            INSERT INTO public.access_worker (id, employee_id) VALUES (7, 7);
            INSERT INTO public.access_worker (id, employee_id) VALUES (8, 8);
            INSERT INTO public.access_worker (id, employee_id) VALUES (9, 9);
            INSERT INTO public.access_worker (id, employee_id) VALUES (10, 10);
            INSERT INTO public.access_worker (id, employee_id) VALUES (11, 11);
            INSERT INTO public.access_worker (id, employee_id) VALUES (12, 12);
            INSERT INTO public.access_worker (id, employee_id) VALUES (13, 13);
            INSERT INTO public.access_worker (id, employee_id) VALUES (14, 14);
            INSERT INTO public.access_worker (id, employee_id) VALUES (15, 15);
            INSERT INTO public.access_worker (id, employee_id) VALUES (16, 16);
            INSERT INTO public.access_worker (id, employee_id) VALUES (17, 17);
            INSERT INTO public.access_worker (id, employee_id) VALUES (18, 18);
            INSERT INTO public.access_worker (id, employee_id) VALUES (19, 19);
            INSERT INTO public.access_worker (id, employee_id) VALUES (20, 20);
            INSERT INTO public.access_worker (id, employee_id) VALUES (21, 21);
            INSERT INTO public.access_worker (id, employee_id) VALUES (22, 22);
            INSERT INTO public.access_worker (id, employee_id) VALUES (23, 23);
            INSERT INTO public.access_worker (id, employee_id) VALUES (24, 24);
            INSERT INTO public.access_worker (id, employee_id) VALUES (25, 25);
            INSERT INTO public.access_worker (id, employee_id) VALUES (26, 26);
            INSERT INTO public.access_worker (id, employee_id) VALUES (27, 27);
            INSERT INTO public.access_worker (id, employee_id) VALUES (28, 28);
            INSERT INTO public.access_worker (id, employee_id) VALUES (29, 29);
            INSERT INTO public.access_worker (id, employee_id) VALUES (30, 30);
            INSERT INTO public.access_worker (id, employee_id) VALUES (31, 31);
            INSERT INTO public.access_worker (id, employee_id) VALUES (32, 32);
            INSERT INTO public.access_worker (id, employee_id) VALUES (33, 33);
            INSERT INTO public.access_worker (id, employee_id) VALUES (34, 34);
            INSERT INTO public.access_worker (id, employee_id) VALUES (35, 35);
            INSERT INTO public.access_worker (id, employee_id) VALUES (36, 36);
            INSERT INTO public.access_worker (id, employee_id) VALUES (37, 37);
            INSERT INTO public.access_worker (id, employee_id) VALUES (38, 38);
            INSERT INTO public.access_worker (id, employee_id) VALUES (39, 39);
            INSERT INTO public.access_worker (id, employee_id) VALUES (40, 40);
            INSERT INTO public.access_worker (id, employee_id) VALUES (41, 41);
            INSERT INTO public.access_worker (id, employee_id) VALUES (42, 42);
            INSERT INTO public.access_worker (id, employee_id) VALUES (43, 43);
            INSERT INTO public.access_worker (id, employee_id) VALUES (44, 44);
            INSERT INTO public.access_worker (id, employee_id) VALUES (45, 45);
            INSERT INTO public.access_worker (id, employee_id) VALUES (46, 46);
            INSERT INTO public.access_worker (id, employee_id) VALUES (47, 47);
            INSERT INTO public.access_worker (id, employee_id) VALUES (48, 48);
            INSERT INTO public.access_worker (id, employee_id) VALUES (49, 49);
            INSERT INTO public.access_worker (id, employee_id) VALUES (50, 50);
            INSERT INTO public.access_worker (id, employee_id) VALUES (51, 51);
            INSERT INTO public.access_worker (id, employee_id) VALUES (52, 52);
            INSERT INTO public.access_worker (id, employee_id) VALUES (53, 53);
            INSERT INTO public.access_worker (id, employee_id) VALUES (54, 54);
            INSERT INTO public.access_worker (id, employee_id) VALUES (55, 55);
            INSERT INTO public.access_worker (id, employee_id) VALUES (56, 56);
            INSERT INTO public.access_worker (id, employee_id) VALUES (57, 57);
            INSERT INTO public.access_worker (id, employee_id) VALUES (58, 58);
            INSERT INTO public.access_worker (id, employee_id) VALUES (59, 59);
            INSERT INTO public.access_worker (id, employee_id) VALUES (60, 60);

            INSERT INTO public.builder_worker (id, employee_id, building_for_repair) VALUES (1, 61, 2);
            INSERT INTO public.builder_worker (id, employee_id, building_for_repair) VALUES (2, 62, 2);
            INSERT INTO public.builder_worker (id, employee_id, building_for_repair) VALUES (3, 63, 1);
            INSERT INTO public.builder_worker (id, employee_id, building_for_repair) VALUES (4, 64, 5);
            INSERT INTO public.builder_worker (id, employee_id, building_for_repair) VALUES (5, 65, 5);
            INSERT INTO public.builder_worker (id, employee_id, building_for_repair) VALUES (6, 66, 3);
            INSERT INTO public.builder_worker (id, employee_id, building_for_repair) VALUES (7, 67, 5);
            INSERT INTO public.builder_worker (id, employee_id, building_for_repair) VALUES (8, 68, 4);
            INSERT INTO public.builder_worker (id, employee_id, building_for_repair) VALUES (9, 69, 4);
            INSERT INTO public.builder_worker (id, employee_id, building_for_repair) VALUES (10, 70, 2);
            INSERT INTO public.builder_worker (id, employee_id, building_for_repair) VALUES (11, 71, 1);
            INSERT INTO public.builder_worker (id, employee_id, building_for_repair) VALUES (12, 72, 1);
            INSERT INTO public.builder_worker (id, employee_id, building_for_repair) VALUES (13, 73, 4);
            INSERT INTO public.builder_worker (id, employee_id, building_for_repair) VALUES (14, 74, 3);
            INSERT INTO public.builder_worker (id, employee_id, building_for_repair) VALUES (15, 75, 1);
            INSERT INTO public.builder_worker (id, employee_id, building_for_repair) VALUES (16, 76, 2);
            INSERT INTO public.builder_worker (id, employee_id, building_for_repair) VALUES (17, 77, 1);
            INSERT INTO public.builder_worker (id, employee_id, building_for_repair) VALUES (18, 78, 1);
            INSERT INTO public.builder_worker (id, employee_id, building_for_repair) VALUES (19, 79, 1);
            INSERT INTO public.builder_worker (id, employee_id, building_for_repair) VALUES (20, 80, 1);

            INSERT INTO public.cleaner (id, access_worker_id, pantry_number) VALUES (1, 21, 26);
            INSERT INTO public.cleaner (id, access_worker_id, pantry_number) VALUES (2, 22, 28);
            INSERT INTO public.cleaner (id, access_worker_id, pantry_number) VALUES (3, 23, 18);
            INSERT INTO public.cleaner (id, access_worker_id, pantry_number) VALUES (4, 24, 27);
            INSERT INTO public.cleaner (id, access_worker_id, pantry_number) VALUES (5, 25, 18);
            INSERT INTO public.cleaner (id, access_worker_id, pantry_number) VALUES (6, 26, 24);
            INSERT INTO public.cleaner (id, access_worker_id, pantry_number) VALUES (7, 27, 15);
            INSERT INTO public.cleaner (id, access_worker_id, pantry_number) VALUES (8, 28, 23);
            INSERT INTO public.cleaner (id, access_worker_id, pantry_number) VALUES (9, 29, 24);
            INSERT INTO public.cleaner (id, access_worker_id, pantry_number) VALUES (10, 30, 23);
            INSERT INTO public.cleaner (id, access_worker_id, pantry_number) VALUES (11, 31, 15);
            INSERT INTO public.cleaner (id, access_worker_id, pantry_number) VALUES (12, 32, 26);
            INSERT INTO public.cleaner (id, access_worker_id, pantry_number) VALUES (13, 33, 16);
            INSERT INTO public.cleaner (id, access_worker_id, pantry_number) VALUES (14, 34, 15);
            INSERT INTO public.cleaner (id, access_worker_id, pantry_number) VALUES (15, 35, 24);
            INSERT INTO public.cleaner (id, access_worker_id, pantry_number) VALUES (16, 36, 22);
            INSERT INTO public.cleaner (id, access_worker_id, pantry_number) VALUES (17, 37, 18);
            INSERT INTO public.cleaner (id, access_worker_id, pantry_number) VALUES (18, 38, 24);
            INSERT INTO public.cleaner (id, access_worker_id, pantry_number) VALUES (19, 39, 15);
            INSERT INTO public.cleaner (id, access_worker_id, pantry_number) VALUES (20, 40, 19);

            INSERT INTO public.vet (id, access_worker_id, laboratory_number) VALUES (1, 9, 28);
            INSERT INTO public.vet (id, access_worker_id, laboratory_number) VALUES (2, 4, 21);
            INSERT INTO public.vet (id, access_worker_id, laboratory_number) VALUES (3, 14, 29);
            INSERT INTO public.vet (id, access_worker_id, laboratory_number) VALUES (4, 1, 19);
            INSERT INTO public.vet (id, access_worker_id, laboratory_number) VALUES (5, 12, 29);
            INSERT INTO public.vet (id, access_worker_id, laboratory_number) VALUES (6, 13, 20);
            INSERT INTO public.vet (id, access_worker_id, laboratory_number) VALUES (7, 6, 24);
            INSERT INTO public.vet (id, access_worker_id, laboratory_number) VALUES (8, 10, 15);
            INSERT INTO public.vet (id, access_worker_id, laboratory_number) VALUES (9, 5, 23);
            INSERT INTO public.vet (id, access_worker_id, laboratory_number) VALUES (10, 16, 19);
            INSERT INTO public.vet (id, access_worker_id, laboratory_number) VALUES (11, 11, 23);
            INSERT INTO public.vet (id, access_worker_id, laboratory_number) VALUES (12, 20, 26);
            INSERT INTO public.vet (id, access_worker_id, laboratory_number) VALUES (13, 8, 28);
            INSERT INTO public.vet (id, access_worker_id, laboratory_number) VALUES (14, 2, 15);
            INSERT INTO public.vet (id, access_worker_id, laboratory_number) VALUES (15, 15, 18);
            INSERT INTO public.vet (id, access_worker_id, laboratory_number) VALUES (16, 19, 27);
            INSERT INTO public.vet (id, access_worker_id, laboratory_number) VALUES (17, 7, 23);
            INSERT INTO public.vet (id, access_worker_id, laboratory_number) VALUES (18, 3, 17);
            INSERT INTO public.vet (id, access_worker_id, laboratory_number) VALUES (19, 17, 21);
            INSERT INTO public.vet (id, access_worker_id, laboratory_number) VALUES (20, 18, 19);

            INSERT INTO public.animal (id, cage_id, species_id, date_of_birth, gender, physical_state, hospital, reciept_date, number_of_offspring) VALUES (1, 55, 9, '2010-09-02', 'м', false, false, '2010-10-05', 7);
            INSERT INTO public.animal (id, cage_id, species_id, date_of_birth, gender, physical_state, hospital, reciept_date, number_of_offspring) VALUES (2, 56, 3, '2019-02-18', 'ж', false, false, '2018-07-06', 3);
            INSERT INTO public.animal (id, cage_id, species_id, date_of_birth, gender, physical_state, hospital, reciept_date, number_of_offspring) VALUES (3, 80, 2, '2016-06-14', 'ж', true, false, '2011-11-21', 8);
            INSERT INTO public.animal (id, cage_id, species_id, date_of_birth, gender, physical_state, hospital, reciept_date, number_of_offspring) VALUES (4, 84, 7, '2014-08-30', 'м', false, true, '2018-01-03', 1);
            INSERT INTO public.animal (id, cage_id, species_id, date_of_birth, gender, physical_state, hospital, reciept_date, number_of_offspring) VALUES (5, 4, 6, '2016-08-16', 'ж', false, true, '2012-04-14', 7);
            INSERT INTO public.animal (id, cage_id, species_id, date_of_birth, gender, physical_state, hospital, reciept_date, number_of_offspring) VALUES (6, 9, 4, '2018-08-24', 'м', true, true, '2007-06-07', 1);
            INSERT INTO public.animal (id, cage_id, species_id, date_of_birth, gender, physical_state, hospital, reciept_date, number_of_offspring) VALUES (7, 25, 2, '2019-05-26', 'м', false, false, '2016-12-02', 5);
            INSERT INTO public.animal (id, cage_id, species_id, date_of_birth, gender, physical_state, hospital, reciept_date, number_of_offspring) VALUES (8, 45, 3, '2008-02-29', 'м', false, true, '2013-11-21', 0);
            INSERT INTO public.animal (id, cage_id, species_id, date_of_birth, gender, physical_state, hospital, reciept_date, number_of_offspring) VALUES (9, 7, 4, '2004-12-22', 'ж', true, false, '2009-07-07', 9);
            INSERT INTO public.animal (id, cage_id, species_id, date_of_birth, gender, physical_state, hospital, reciept_date, number_of_offspring) VALUES (10, 7, 4, '2016-12-30', 'м', true, false, '2014-12-08', 5);
            INSERT INTO public.animal (id, cage_id, species_id, date_of_birth, gender, physical_state, hospital, reciept_date, number_of_offspring) VALUES (11, 86, 5, '2006-11-10', 'ж', false, false, '2008-07-06', 4);
            INSERT INTO public.animal (id, cage_id, species_id, date_of_birth, gender, physical_state, hospital, reciept_date, number_of_offspring) VALUES (12, 77, 6, '2013-09-23', 'ж', false, false, '2019-08-19', 6);
            INSERT INTO public.animal (id, cage_id, species_id, date_of_birth, gender, physical_state, hospital, reciept_date, number_of_offspring) VALUES (13, 56, 8, '2016-01-17', 'м', true, false, '2010-11-14', 0);
            INSERT INTO public.animal (id, cage_id, species_id, date_of_birth, gender, physical_state, hospital, reciept_date, number_of_offspring) VALUES (14, 67, 5, '2013-08-18', 'ж', false, false, '2012-09-13', 6);
            INSERT INTO public.animal (id, cage_id, species_id, date_of_birth, gender, physical_state, hospital, reciept_date, number_of_offspring) VALUES (15, 93, 7, '2017-12-02', 'м', false, false, '2009-04-19', 2);
            INSERT INTO public.animal (id, cage_id, species_id, date_of_birth, gender, physical_state, hospital, reciept_date, number_of_offspring) VALUES (16, 91, 4, '2015-05-10', 'м', false, false, '2010-01-10', 1);
            INSERT INTO public.animal (id, cage_id, species_id, date_of_birth, gender, physical_state, hospital, reciept_date, number_of_offspring) VALUES (17, 64, 8, '2019-09-03', 'м', false, true, '2010-11-14', 5);
            INSERT INTO public.animal (id, cage_id, species_id, date_of_birth, gender, physical_state, hospital, reciept_date, number_of_offspring) VALUES (18, 3, 1, '2016-09-13', 'ж', false, true, '2019-09-04', 6);
            INSERT INTO public.animal (id, cage_id, species_id, date_of_birth, gender, physical_state, hospital, reciept_date, number_of_offspring) VALUES (19, 36, 9, '2010-05-23', 'м', false, false, '2010-04-10', 8);
            INSERT INTO public.animal (id, cage_id, species_id, date_of_birth, gender, physical_state, hospital, reciept_date, number_of_offspring) VALUES (20, 11, 1, '2017-01-08', 'ж', false, false, '2013-10-11', 3);
            INSERT INTO public.animal (id, cage_id, species_id, date_of_birth, gender, physical_state, hospital, reciept_date, number_of_offspring) VALUES (21, 75, 2, '2012-02-05', 'ж', true, false, '2016-11-25', 5);
            INSERT INTO public.animal (id, cage_id, species_id, date_of_birth, gender, physical_state, hospital, reciept_date, number_of_offspring) VALUES (22, 58, 4, '2006-01-27', 'м', false, true, '2009-05-07', 8);
            INSERT INTO public.animal (id, cage_id, species_id, date_of_birth, gender, physical_state, hospital, reciept_date, number_of_offspring) VALUES (23, 45, 1, '2008-11-21', 'ж', false, true, '2006-10-23', 5);
            INSERT INTO public.animal (id, cage_id, species_id, date_of_birth, gender, physical_state, hospital, reciept_date, number_of_offspring) VALUES (24, 46, 5, '2015-06-12', 'м', false, true, '2014-07-17', 4);
            INSERT INTO public.animal (id, cage_id, species_id, date_of_birth, gender, physical_state, hospital, reciept_date, number_of_offspring) VALUES (25, 7, 6, '2019-08-07', 'м', false, false, '2008-02-24', 1);
            INSERT INTO public.animal (id, cage_id, species_id, date_of_birth, gender, physical_state, hospital, reciept_date, number_of_offspring) VALUES (26, 27, 2, '2014-03-13', 'м', false, false, '2005-11-12', 5);
            INSERT INTO public.animal (id, cage_id, species_id, date_of_birth, gender, physical_state, hospital, reciept_date, number_of_offspring) VALUES (27, 30, 1, '2019-08-21', 'ж', false, false, '2019-09-19', 7);
            INSERT INTO public.animal (id, cage_id, species_id, date_of_birth, gender, physical_state, hospital, reciept_date, number_of_offspring) VALUES (28, 1, 6, '2014-11-25', 'м', true, false, '2008-11-20', 9);
            INSERT INTO public.animal (id, cage_id, species_id, date_of_birth, gender, physical_state, hospital, reciept_date, number_of_offspring) VALUES (29, 32, 8, '2014-07-27', 'м', false, false, '2012-05-23', 3);
            INSERT INTO public.animal (id, cage_id, species_id, date_of_birth, gender, physical_state, hospital, reciept_date, number_of_offspring) VALUES (30, 63, 7, '2015-10-12', 'м', false, false, '2007-10-20', 3);
            INSERT INTO public.animal (id, cage_id, species_id, date_of_birth, gender, physical_state, hospital, reciept_date, number_of_offspring) VALUES (31, 84, 8, '2009-07-27', 'ж', true, false, '2019-08-31', 3);
            INSERT INTO public.animal (id, cage_id, species_id, date_of_birth, gender, physical_state, hospital, reciept_date, number_of_offspring) VALUES (32, 35, 3, '2008-02-28', 'ж', false, false, '2016-04-10', 1);
            INSERT INTO public.animal (id, cage_id, species_id, date_of_birth, gender, physical_state, hospital, reciept_date, number_of_offspring) VALUES (33, 38, 2, '2010-03-09', 'м', false, false, '2014-10-29', 9);
            INSERT INTO public.animal (id, cage_id, species_id, date_of_birth, gender, physical_state, hospital, reciept_date, number_of_offspring) VALUES (34, 33, 3, '2011-04-25', 'ж', false, true, '2008-05-27', 6);
            INSERT INTO public.animal (id, cage_id, species_id, date_of_birth, gender, physical_state, hospital, reciept_date, number_of_offspring) VALUES (35, 14, 2, '2008-02-28', 'м', false, false, '2011-03-16', 1);
            INSERT INTO public.animal (id, cage_id, species_id, date_of_birth, gender, physical_state, hospital, reciept_date, number_of_offspring) VALUES (36, 98, 3, '2009-12-25', 'м', false, true, '2014-05-01', 6);
            INSERT INTO public.animal (id, cage_id, species_id, date_of_birth, gender, physical_state, hospital, reciept_date, number_of_offspring) VALUES (37, 4, 1, '2018-09-23', 'м', false, false, '2008-12-28', 8);
            INSERT INTO public.animal (id, cage_id, species_id, date_of_birth, gender, physical_state, hospital, reciept_date, number_of_offspring) VALUES (38, 31, 7, '2019-08-13', 'ж', false, false, '2015-04-15', 4);
            INSERT INTO public.animal (id, cage_id, species_id, date_of_birth, gender, physical_state, hospital, reciept_date, number_of_offspring) VALUES (39, 26, 9, '2017-06-07', 'м', false, true, '2011-02-20', 9);
            INSERT INTO public.animal (id, cage_id, species_id, date_of_birth, gender, physical_state, hospital, reciept_date, number_of_offspring) VALUES (40, 13, 8, '2004-12-05', 'ж', false, false, '2013-02-25', 9);
            INSERT INTO public.animal (id, cage_id, species_id, date_of_birth, gender, physical_state, hospital, reciept_date, number_of_offspring) VALUES (41, 22, 1, '2006-12-03', 'ж', true, false, '2006-02-02', 3);
            INSERT INTO public.animal (id, cage_id, species_id, date_of_birth, gender, physical_state, hospital, reciept_date, number_of_offspring) VALUES (42, 36, 3, '2011-06-29', 'м', false, false, '2017-12-12', 0);
            INSERT INTO public.animal (id, cage_id, species_id, date_of_birth, gender, physical_state, hospital, reciept_date, number_of_offspring) VALUES (43, 65, 2, '2017-12-28', 'ж', false, false, '2008-09-24', 8);
            INSERT INTO public.animal (id, cage_id, species_id, date_of_birth, gender, physical_state, hospital, reciept_date, number_of_offspring) VALUES (44, 3, 4, '2008-11-27', 'м', false, true, '2004-11-24', 5);
            INSERT INTO public.animal (id, cage_id, species_id, date_of_birth, gender, physical_state, hospital, reciept_date, number_of_offspring) VALUES (45, 97, 6, '2007-07-27', 'м', false, false, '2009-05-02', 4);
            INSERT INTO public.animal (id, cage_id, species_id, date_of_birth, gender, physical_state, hospital, reciept_date, number_of_offspring) VALUES (46, 54, 8, '2014-11-27', 'м', false, true, '2012-01-26', 4);
            INSERT INTO public.animal (id, cage_id, species_id, date_of_birth, gender, physical_state, hospital, reciept_date, number_of_offspring) VALUES (47, 60, 2, '2019-06-24', 'ж', false, true, '2014-01-20', 8);
            INSERT INTO public.animal (id, cage_id, species_id, date_of_birth, gender, physical_state, hospital, reciept_date, number_of_offspring) VALUES (48, 47, 7, '2014-08-03', 'м', false, false, '2012-07-13', 5);
            INSERT INTO public.animal (id, cage_id, species_id, date_of_birth, gender, physical_state, hospital, reciept_date, number_of_offspring) VALUES (49, 24, 6, '2008-04-05', 'ж', false, true, '2015-05-10', 0);
            INSERT INTO public.animal (id, cage_id, species_id, date_of_birth, gender, physical_state, hospital, reciept_date, number_of_offspring) VALUES (50, 5, 5, '2006-07-03', 'ж', false, false, '2006-04-19', 2);
            INSERT INTO public.animal (id, cage_id, species_id, date_of_birth, gender, physical_state, hospital, reciept_date, number_of_offspring) VALUES (51, 49, 5, '2015-02-18', 'м', false, false, '2012-04-18', 5);
            INSERT INTO public.animal (id, cage_id, species_id, date_of_birth, gender, physical_state, hospital, reciept_date, number_of_offspring) VALUES (52, 56, 2, '2011-10-09', 'ж', false, false, '2008-10-20', 0);
            INSERT INTO public.animal (id, cage_id, species_id, date_of_birth, gender, physical_state, hospital, reciept_date, number_of_offspring) VALUES (53, 3, 7, '2017-10-26', 'м', false, false, '2013-06-11', 5);
            INSERT INTO public.animal (id, cage_id, species_id, date_of_birth, gender, physical_state, hospital, reciept_date, number_of_offspring) VALUES (54, 60, 9, '2018-02-04', 'м', false, false, '2008-08-10', 5);
            INSERT INTO public.animal (id, cage_id, species_id, date_of_birth, gender, physical_state, hospital, reciept_date, number_of_offspring) VALUES (55, 24, 5, '2016-01-06', 'м', true, false, '2011-01-10', 8);
            INSERT INTO public.animal (id, cage_id, species_id, date_of_birth, gender, physical_state, hospital, reciept_date, number_of_offspring) VALUES (56, 33, 4, '2005-02-24', 'ж', false, false, '2013-03-01', 2);
            INSERT INTO public.animal (id, cage_id, species_id, date_of_birth, gender, physical_state, hospital, reciept_date, number_of_offspring) VALUES (57, 13, 2, '2009-06-03', 'м', true, false, '2019-02-10', 7);
            INSERT INTO public.animal (id, cage_id, species_id, date_of_birth, gender, physical_state, hospital, reciept_date, number_of_offspring) VALUES (58, 90, 1, '2014-12-27', 'м', false, false, '2018-12-19', 2);
            INSERT INTO public.animal (id, cage_id, species_id, date_of_birth, gender, physical_state, hospital, reciept_date, number_of_offspring) VALUES (59, 61, 8, '2018-07-30', 'м', false, false, '2007-06-15', 1);
            INSERT INTO public.animal (id, cage_id, species_id, date_of_birth, gender, physical_state, hospital, reciept_date, number_of_offspring) VALUES (60, 48, 8, '2010-04-09', 'ж', false, false, '2012-05-04', 3);
            INSERT INTO public.animal (id, cage_id, species_id, date_of_birth, gender, physical_state, hospital, reciept_date, number_of_offspring) VALUES (61, 93, 2, '2015-03-25', 'ж', false, true, '2006-10-01', 4);
            INSERT INTO public.animal (id, cage_id, species_id, date_of_birth, gender, physical_state, hospital, reciept_date, number_of_offspring) VALUES (62, 58, 9, '2014-01-23', 'м', true, true, '2007-10-19', 6);
            INSERT INTO public.animal (id, cage_id, species_id, date_of_birth, gender, physical_state, hospital, reciept_date, number_of_offspring) VALUES (63, 48, 8, '2007-10-27', 'ж', true, false, '2006-03-11', 3);
            INSERT INTO public.animal (id, cage_id, species_id, date_of_birth, gender, physical_state, hospital, reciept_date, number_of_offspring) VALUES (64, 33, 2, '2006-11-13', 'м', false, false, '2012-12-10', 5);
            INSERT INTO public.animal (id, cage_id, species_id, date_of_birth, gender, physical_state, hospital, reciept_date, number_of_offspring) VALUES (65, 94, 8, '2006-01-03', 'м', false, false, '2011-11-15', 2);
            INSERT INTO public.animal (id, cage_id, species_id, date_of_birth, gender, physical_state, hospital, reciept_date, number_of_offspring) VALUES (66, 53, 5, '2004-12-23', 'м', false, false, '2014-07-06', 5);
            INSERT INTO public.animal (id, cage_id, species_id, date_of_birth, gender, physical_state, hospital, reciept_date, number_of_offspring) VALUES (67, 7, 9, '2015-01-24', 'ж', true, true, '2014-03-05', 4);
            INSERT INTO public.animal (id, cage_id, species_id, date_of_birth, gender, physical_state, hospital, reciept_date, number_of_offspring) VALUES (68, 8, 1, '2008-09-17', 'м', false, false, '2018-06-06', 3);
            INSERT INTO public.animal (id, cage_id, species_id, date_of_birth, gender, physical_state, hospital, reciept_date, number_of_offspring) VALUES (69, 60, 5, '2018-06-23', 'ж', false, false, '2013-04-20', 5);
            INSERT INTO public.animal (id, cage_id, species_id, date_of_birth, gender, physical_state, hospital, reciept_date, number_of_offspring) VALUES (70, 78, 2, '2018-03-22', 'ж', true, true, '2017-03-26', 8);
            INSERT INTO public.animal (id, cage_id, species_id, date_of_birth, gender, physical_state, hospital, reciept_date, number_of_offspring) VALUES (71, 77, 3, '2007-07-02', 'м', false, true, '2007-06-07', 5);
            INSERT INTO public.animal (id, cage_id, species_id, date_of_birth, gender, physical_state, hospital, reciept_date, number_of_offspring) VALUES (72, 34, 7, '2009-06-02', 'ж', false, false, '2008-04-17', 0);
            INSERT INTO public.animal (id, cage_id, species_id, date_of_birth, gender, physical_state, hospital, reciept_date, number_of_offspring) VALUES (73, 32, 5, '2008-04-04', 'м', false, false, '2015-04-25', 3);
            INSERT INTO public.animal (id, cage_id, species_id, date_of_birth, gender, physical_state, hospital, reciept_date, number_of_offspring) VALUES (74, 20, 9, '2016-10-26', 'м', false, false, '2005-11-12', 2);
            INSERT INTO public.animal (id, cage_id, species_id, date_of_birth, gender, physical_state, hospital, reciept_date, number_of_offspring) VALUES (75, 7, 1, '2010-06-07', 'м', false, true, '2017-08-23', 5);
            INSERT INTO public.animal (id, cage_id, species_id, date_of_birth, gender, physical_state, hospital, reciept_date, number_of_offspring) VALUES (76, 40, 7, '2011-04-28', 'ж', false, false, '2005-08-14', 5);
            INSERT INTO public.animal (id, cage_id, species_id, date_of_birth, gender, physical_state, hospital, reciept_date, number_of_offspring) VALUES (77, 7, 3, '2005-11-07', 'м', false, false, '2017-06-01', 3);
            INSERT INTO public.animal (id, cage_id, species_id, date_of_birth, gender, physical_state, hospital, reciept_date, number_of_offspring) VALUES (78, 52, 3, '2012-06-01', 'ж', false, true, '2013-10-28', 7);
            INSERT INTO public.animal (id, cage_id, species_id, date_of_birth, gender, physical_state, hospital, reciept_date, number_of_offspring) VALUES (79, 2, 2, '2012-08-17', 'ж', true, false, '2016-09-03', 0);
            INSERT INTO public.animal (id, cage_id, species_id, date_of_birth, gender, physical_state, hospital, reciept_date, number_of_offspring) VALUES (80, 64, 9, '2017-11-17', 'м', false, false, '2011-03-11', 8);
            INSERT INTO public.animal (id, cage_id, species_id, date_of_birth, gender, physical_state, hospital, reciept_date, number_of_offspring) VALUES (81, 22, 8, '2017-06-27', 'ж', false, false, '2014-05-09', 2);
            INSERT INTO public.animal (id, cage_id, species_id, date_of_birth, gender, physical_state, hospital, reciept_date, number_of_offspring) VALUES (82, 60, 6, '2013-07-18', 'м', false, false, '2012-07-29', 7);
            INSERT INTO public.animal (id, cage_id, species_id, date_of_birth, gender, physical_state, hospital, reciept_date, number_of_offspring) VALUES (83, 79, 7, '2018-10-05', 'м', true, true, '2015-11-28', 3);
            INSERT INTO public.animal (id, cage_id, species_id, date_of_birth, gender, physical_state, hospital, reciept_date, number_of_offspring) VALUES (84, 68, 1, '2019-02-15', 'м', false, false, '2014-10-25', 7);
            INSERT INTO public.animal (id, cage_id, species_id, date_of_birth, gender, physical_state, hospital, reciept_date, number_of_offspring) VALUES (85, 39, 5, '2019-05-21', 'ж', false, false, '2008-02-13', 9);
            INSERT INTO public.animal (id, cage_id, species_id, date_of_birth, gender, physical_state, hospital, reciept_date, number_of_offspring) VALUES (86, 72, 2, '2018-04-23', 'м', false, true, '2005-08-13', 6);
            INSERT INTO public.animal (id, cage_id, species_id, date_of_birth, gender, physical_state, hospital, reciept_date, number_of_offspring) VALUES (87, 43, 9, '2007-05-14', 'м', false, true, '2012-03-27', 0);
            INSERT INTO public.animal (id, cage_id, species_id, date_of_birth, gender, physical_state, hospital, reciept_date, number_of_offspring) VALUES (88, 20, 7, '2011-06-13', 'м', false, false, '2005-07-29', 1);
            INSERT INTO public.animal (id, cage_id, species_id, date_of_birth, gender, physical_state, hospital, reciept_date, number_of_offspring) VALUES (89, 73, 5, '2012-09-05', 'ж', false, false, '2014-01-03', 6);
            INSERT INTO public.animal (id, cage_id, species_id, date_of_birth, gender, physical_state, hospital, reciept_date, number_of_offspring) VALUES (90, 78, 1, '2007-11-11', 'ж', true, false, '2008-04-20', 8);
            INSERT INTO public.animal (id, cage_id, species_id, date_of_birth, gender, physical_state, hospital, reciept_date, number_of_offspring) VALUES (91, 12, 2, '2016-07-10', 'м', false, false, '2017-07-21', 4);
            INSERT INTO public.animal (id, cage_id, species_id, date_of_birth, gender, physical_state, hospital, reciept_date, number_of_offspring) VALUES (92, 46, 4, '2016-10-27', 'ж', false, true, '2008-05-07', 1);
            INSERT INTO public.animal (id, cage_id, species_id, date_of_birth, gender, physical_state, hospital, reciept_date, number_of_offspring) VALUES (93, 69, 3, '2009-06-12', 'м', true, false, '2009-07-18', 2);
            INSERT INTO public.animal (id, cage_id, species_id, date_of_birth, gender, physical_state, hospital, reciept_date, number_of_offspring) VALUES (94, 17, 7, '2010-02-15', 'м', false, true, '2005-01-12', 5);
            INSERT INTO public.animal (id, cage_id, species_id, date_of_birth, gender, physical_state, hospital, reciept_date, number_of_offspring) VALUES (95, 17, 4, '2015-06-30', 'м', false, false, '2005-01-10', 3);
            INSERT INTO public.animal (id, cage_id, species_id, date_of_birth, gender, physical_state, hospital, reciept_date, number_of_offspring) VALUES (96, 30, 2, '2014-07-03', 'ж', false, true, '2014-02-03', 5);
            INSERT INTO public.animal (id, cage_id, species_id, date_of_birth, gender, physical_state, hospital, reciept_date, number_of_offspring) VALUES (97, 90, 5, '2014-03-11', 'м', false, false, '2004-12-17', 0);
            INSERT INTO public.animal (id, cage_id, species_id, date_of_birth, gender, physical_state, hospital, reciept_date, number_of_offspring) VALUES (98, 38, 7, '2012-04-04', 'ж', false, false, '2015-10-15', 4);
            INSERT INTO public.animal (id, cage_id, species_id, date_of_birth, gender, physical_state, hospital, reciept_date, number_of_offspring) VALUES (99, 10, 4, '2006-11-06', 'ж', false, false, '2016-08-21', 1);
            INSERT INTO public.animal (id, cage_id, species_id, date_of_birth, gender, physical_state, hospital, reciept_date, number_of_offspring) VALUES (100, 46, 8, '2018-02-17', 'м', false, false, '2007-07-27', 7);

            INSERT INTO public.access (animal_id, access_employee_id, access_start_date) VALUES (86, 6, '2009-04-12');
            INSERT INTO public.access (animal_id, access_employee_id, access_start_date) VALUES (35, 52, '2019-03-17');
            INSERT INTO public.access (animal_id, access_employee_id, access_start_date) VALUES (77, 50, '2012-12-09');
            INSERT INTO public.access (animal_id, access_employee_id, access_start_date) VALUES (81, 29, '2014-09-05');
            INSERT INTO public.access (animal_id, access_employee_id, access_start_date) VALUES (46, 27, '2019-08-24');
            INSERT INTO public.access (animal_id, access_employee_id, access_start_date) VALUES (97, 25, '2008-10-05');
            INSERT INTO public.access (animal_id, access_employee_id, access_start_date) VALUES (27, 33, '2015-11-09');
            INSERT INTO public.access (animal_id, access_employee_id, access_start_date) VALUES (44, 3, '2013-11-25');
            INSERT INTO public.access (animal_id, access_employee_id, access_start_date) VALUES (27, 11, '2013-09-05');
            INSERT INTO public.access (animal_id, access_employee_id, access_start_date) VALUES (6, 1, '2014-11-26');
            INSERT INTO public.access (animal_id, access_employee_id, access_start_date) VALUES (83, 9, '2019-03-20');
            INSERT INTO public.access (animal_id, access_employee_id, access_start_date) VALUES (76, 13, '2008-11-03');
            INSERT INTO public.access (animal_id, access_employee_id, access_start_date) VALUES (54, 22, '2008-09-26');
            INSERT INTO public.access (animal_id, access_employee_id, access_start_date) VALUES (34, 18, '2010-08-20');
            INSERT INTO public.access (animal_id, access_employee_id, access_start_date) VALUES (89, 24, '2009-06-04');
            INSERT INTO public.access (animal_id, access_employee_id, access_start_date) VALUES (68, 44, '2005-12-06');
            INSERT INTO public.access (animal_id, access_employee_id, access_start_date) VALUES (95, 57, '2005-09-05');
            INSERT INTO public.access (animal_id, access_employee_id, access_start_date) VALUES (91, 33, '2011-07-31');
            INSERT INTO public.access (animal_id, access_employee_id, access_start_date) VALUES (45, 50, '2013-09-04');
            INSERT INTO public.access (animal_id, access_employee_id, access_start_date) VALUES (74, 26, '2009-06-14');
            INSERT INTO public.access (animal_id, access_employee_id, access_start_date) VALUES (96, 26, '2016-03-02');
            INSERT INTO public.access (animal_id, access_employee_id, access_start_date) VALUES (5, 57, '2012-03-07');
            INSERT INTO public.access (animal_id, access_employee_id, access_start_date) VALUES (26, 1, '2019-08-27');
            INSERT INTO public.access (animal_id, access_employee_id, access_start_date) VALUES (32, 33, '2004-11-27');
            INSERT INTO public.access (animal_id, access_employee_id, access_start_date) VALUES (25, 52, '2010-03-20');
            INSERT INTO public.access (animal_id, access_employee_id, access_start_date) VALUES (67, 31, '2018-09-24');
            INSERT INTO public.access (animal_id, access_employee_id, access_start_date) VALUES (99, 55, '2016-04-29');
            INSERT INTO public.access (animal_id, access_employee_id, access_start_date) VALUES (2, 41, '2013-09-30');
            INSERT INTO public.access (animal_id, access_employee_id, access_start_date) VALUES (73, 26, '2011-03-25');
            INSERT INTO public.access (animal_id, access_employee_id, access_start_date) VALUES (10, 22, '2006-12-30');
            INSERT INTO public.access (animal_id, access_employee_id, access_start_date) VALUES (83, 6, '2007-01-15');
            INSERT INTO public.access (animal_id, access_employee_id, access_start_date) VALUES (73, 54, '2008-05-22');
            INSERT INTO public.access (animal_id, access_employee_id, access_start_date) VALUES (48, 56, '2015-12-21');
            INSERT INTO public.access (animal_id, access_employee_id, access_start_date) VALUES (51, 50, '2014-04-25');
            INSERT INTO public.access (animal_id, access_employee_id, access_start_date) VALUES (91, 17, '2008-11-21');
            INSERT INTO public.access (animal_id, access_employee_id, access_start_date) VALUES (3, 51, '2014-09-04');
            INSERT INTO public.access (animal_id, access_employee_id, access_start_date) VALUES (12, 15, '2009-09-27');
            INSERT INTO public.access (animal_id, access_employee_id, access_start_date) VALUES (68, 46, '2005-07-13');
            INSERT INTO public.access (animal_id, access_employee_id, access_start_date) VALUES (58, 20, '2014-09-16');
            INSERT INTO public.access (animal_id, access_employee_id, access_start_date) VALUES (34, 21, '2018-03-15');
            INSERT INTO public.access (animal_id, access_employee_id, access_start_date) VALUES (67, 48, '2014-07-13');
            INSERT INTO public.access (animal_id, access_employee_id, access_start_date) VALUES (91, 10, '2011-09-03');
            INSERT INTO public.access (animal_id, access_employee_id, access_start_date) VALUES (98, 10, '2005-08-21');
            INSERT INTO public.access (animal_id, access_employee_id, access_start_date) VALUES (51, 13, '2012-11-04');
            INSERT INTO public.access (animal_id, access_employee_id, access_start_date) VALUES (93, 4, '2006-01-22');
            INSERT INTO public.access (animal_id, access_employee_id, access_start_date) VALUES (13, 8, '2019-05-06');
            INSERT INTO public.access (animal_id, access_employee_id, access_start_date) VALUES (22, 28, '2015-03-08');
            INSERT INTO public.access (animal_id, access_employee_id, access_start_date) VALUES (21, 11, '2016-09-23');
            INSERT INTO public.access (animal_id, access_employee_id, access_start_date) VALUES (32, 52, '2015-10-01');
            INSERT INTO public.access (animal_id, access_employee_id, access_start_date) VALUES (36, 11, '2013-02-13');
            INSERT INTO public.access (animal_id, access_employee_id, access_start_date) VALUES (36, 24, '2009-08-16');
            INSERT INTO public.access (animal_id, access_employee_id, access_start_date) VALUES (68, 3, '2018-11-01');
            INSERT INTO public.access (animal_id, access_employee_id, access_start_date) VALUES (83, 57, '2012-02-05');
            INSERT INTO public.access (animal_id, access_employee_id, access_start_date) VALUES (3, 59, '2017-07-07');
            INSERT INTO public.access (animal_id, access_employee_id, access_start_date) VALUES (2, 19, '2018-05-17');
            INSERT INTO public.access (animal_id, access_employee_id, access_start_date) VALUES (83, 58, '2008-09-24');
            INSERT INTO public.access (animal_id, access_employee_id, access_start_date) VALUES (9, 2, '2008-02-29');
            INSERT INTO public.access (animal_id, access_employee_id, access_start_date) VALUES (22, 10, '2018-11-30');
            INSERT INTO public.access (animal_id, access_employee_id, access_start_date) VALUES (84, 4, '2005-02-13');
            INSERT INTO public.access (animal_id, access_employee_id, access_start_date) VALUES (5, 51, '2017-10-03');
            INSERT INTO public.access (animal_id, access_employee_id, access_start_date) VALUES (49, 23, '2018-07-04');
            INSERT INTO public.access (animal_id, access_employee_id, access_start_date) VALUES (63, 57, '2010-04-22');
            INSERT INTO public.access (animal_id, access_employee_id, access_start_date) VALUES (32, 39, '2009-08-21');
            INSERT INTO public.access (animal_id, access_employee_id, access_start_date) VALUES (55, 21, '2010-04-11');
            INSERT INTO public.access (animal_id, access_employee_id, access_start_date) VALUES (69, 59, '2009-11-20');
            INSERT INTO public.access (animal_id, access_employee_id, access_start_date) VALUES (8, 55, '2011-10-05');
            INSERT INTO public.access (animal_id, access_employee_id, access_start_date) VALUES (46, 39, '2017-04-14');
            INSERT INTO public.access (animal_id, access_employee_id, access_start_date) VALUES (67, 15, '2017-12-03');
            INSERT INTO public.access (animal_id, access_employee_id, access_start_date) VALUES (88, 41, '2008-01-16');
            INSERT INTO public.access (animal_id, access_employee_id, access_start_date) VALUES (37, 59, '2016-01-05');
            INSERT INTO public.access (animal_id, access_employee_id, access_start_date) VALUES (21, 56, '2013-09-16');
            INSERT INTO public.access (animal_id, access_employee_id, access_start_date) VALUES (46, 29, '2017-10-04');
            INSERT INTO public.access (animal_id, access_employee_id, access_start_date) VALUES (63, 19, '2017-12-24');
            INSERT INTO public.access (animal_id, access_employee_id, access_start_date) VALUES (22, 26, '2008-03-10');
            INSERT INTO public.access (animal_id, access_employee_id, access_start_date) VALUES (67, 32, '2018-12-01');
            INSERT INTO public.access (animal_id, access_employee_id, access_start_date) VALUES (17, 16, '2017-12-29');
            INSERT INTO public.access (animal_id, access_employee_id, access_start_date) VALUES (49, 6, '2007-01-03');
            INSERT INTO public.access (animal_id, access_employee_id, access_start_date) VALUES (17, 30, '2018-08-14');
            INSERT INTO public.access (animal_id, access_employee_id, access_start_date) VALUES (83, 33, '2016-03-09');
            INSERT INTO public.access (animal_id, access_employee_id, access_start_date) VALUES (2, 45, '2018-11-14');
            INSERT INTO public.access (animal_id, access_employee_id, access_start_date) VALUES (35, 31, '2007-05-29');
            INSERT INTO public.access (animal_id, access_employee_id, access_start_date) VALUES (86, 47, '2005-01-27');
            INSERT INTO public.access (animal_id, access_employee_id, access_start_date) VALUES (32, 58, '2006-06-22');
            INSERT INTO public.access (animal_id, access_employee_id, access_start_date) VALUES (70, 42, '2007-12-20');
            INSERT INTO public.access (animal_id, access_employee_id, access_start_date) VALUES (2, 6, '2005-05-22');
            INSERT INTO public.access (animal_id, access_employee_id, access_start_date) VALUES (49, 15, '2019-09-07');
            INSERT INTO public.access (animal_id, access_employee_id, access_start_date) VALUES (91, 1, '2019-01-12');
            INSERT INTO public.access (animal_id, access_employee_id, access_start_date) VALUES (12, 25, '2007-02-14');
            INSERT INTO public.access (animal_id, access_employee_id, access_start_date) VALUES (14, 58, '2006-10-22');
            INSERT INTO public.access (animal_id, access_employee_id, access_start_date) VALUES (85, 28, '2019-06-06');
            INSERT INTO public.access (animal_id, access_employee_id, access_start_date) VALUES (36, 20, '2015-08-10');
            INSERT INTO public.access (animal_id, access_employee_id, access_start_date) VALUES (62, 46, '2017-01-05');
            INSERT INTO public.access (animal_id, access_employee_id, access_start_date) VALUES (76, 27, '2018-03-26');
            INSERT INTO public.access (animal_id, access_employee_id, access_start_date) VALUES (93, 46, '2018-08-01');
            INSERT INTO public.access (animal_id, access_employee_id, access_start_date) VALUES (48, 53, '2007-11-02');
            INSERT INTO public.access (animal_id, access_employee_id, access_start_date) VALUES (5, 45, '2017-08-24');
            INSERT INTO public.access (animal_id, access_employee_id, access_start_date) VALUES (98, 46, '2018-09-15');
            INSERT INTO public.access (animal_id, access_employee_id, access_start_date) VALUES (61, 49, '2018-01-04');
            INSERT INTO public.access (animal_id, access_employee_id, access_start_date) VALUES (12, 37, '2019-04-26');
            INSERT INTO public.access (animal_id, access_employee_id, access_start_date) VALUES (69, 19, '2006-11-26');

            INSERT INTO public.cage (id, inmate) VALUES (1, false);
            INSERT INTO public.cage (id, inmate) VALUES (2, false);
            INSERT INTO public.cage (id, inmate) VALUES (3, false);
            INSERT INTO public.cage (id, inmate) VALUES (4, false);
            INSERT INTO public.cage (id, inmate) VALUES (5, false);
            INSERT INTO public.cage (id, inmate) VALUES (6, true);
            INSERT INTO public.cage (id, inmate) VALUES (7, false);
            INSERT INTO public.cage (id, inmate) VALUES (8, false);
            INSERT INTO public.cage (id, inmate) VALUES (9, false);
            INSERT INTO public.cage (id, inmate) VALUES (10, true);
            INSERT INTO public.cage (id, inmate) VALUES (11, false);
            INSERT INTO public.cage (id, inmate) VALUES (12, false);
            INSERT INTO public.cage (id, inmate) VALUES (13, false);
            INSERT INTO public.cage (id, inmate) VALUES (14, false);
            INSERT INTO public.cage (id, inmate) VALUES (15, true);
            INSERT INTO public.cage (id, inmate) VALUES (16, true);
            INSERT INTO public.cage (id, inmate) VALUES (17, true);
            INSERT INTO public.cage (id, inmate) VALUES (18, false);
            INSERT INTO public.cage (id, inmate) VALUES (19, false);
            INSERT INTO public.cage (id, inmate) VALUES (20, false);
            INSERT INTO public.cage (id, inmate) VALUES (21, false);
            INSERT INTO public.cage (id, inmate) VALUES (22, false);
            INSERT INTO public.cage (id, inmate) VALUES (23, false);
            INSERT INTO public.cage (id, inmate) VALUES (24, false);
            INSERT INTO public.cage (id, inmate) VALUES (25, true);
            INSERT INTO public.cage (id, inmate) VALUES (26, true);
            INSERT INTO public.cage (id, inmate) VALUES (27, false);
            INSERT INTO public.cage (id, inmate) VALUES (28, true);
            INSERT INTO public.cage (id, inmate) VALUES (29, false);
            INSERT INTO public.cage (id, inmate) VALUES (30, false);
            INSERT INTO public.cage (id, inmate) VALUES (31, false);
            INSERT INTO public.cage (id, inmate) VALUES (32, false);
            INSERT INTO public.cage (id, inmate) VALUES (33, false);
            INSERT INTO public.cage (id, inmate) VALUES (34, true);
            INSERT INTO public.cage (id, inmate) VALUES (35, false);
            INSERT INTO public.cage (id, inmate) VALUES (36, false);
            INSERT INTO public.cage (id, inmate) VALUES (37, false);
            INSERT INTO public.cage (id, inmate) VALUES (38, false);
            INSERT INTO public.cage (id, inmate) VALUES (39, false);
            INSERT INTO public.cage (id, inmate) VALUES (40, true);
            INSERT INTO public.cage (id, inmate) VALUES (41, true);
            INSERT INTO public.cage (id, inmate) VALUES (42, true);
            INSERT INTO public.cage (id, inmate) VALUES (43, false);
            INSERT INTO public.cage (id, inmate) VALUES (44, true);
            INSERT INTO public.cage (id, inmate) VALUES (45, false);
            INSERT INTO public.cage (id, inmate) VALUES (46, true);
            INSERT INTO public.cage (id, inmate) VALUES (47, true);
            INSERT INTO public.cage (id, inmate) VALUES (48, false);
            INSERT INTO public.cage (id, inmate) VALUES (49, false);
            INSERT INTO public.cage (id, inmate) VALUES (50, false);
            INSERT INTO public.cage (id, inmate) VALUES (51, false);
            INSERT INTO public.cage (id, inmate) VALUES (52, true);
            INSERT INTO public.cage (id, inmate) VALUES (53, false);
            INSERT INTO public.cage (id, inmate) VALUES (54, false);
            INSERT INTO public.cage (id, inmate) VALUES (55, false);
            INSERT INTO public.cage (id, inmate) VALUES (56, false);
            INSERT INTO public.cage (id, inmate) VALUES (57, false);
            INSERT INTO public.cage (id, inmate) VALUES (58, false);
            INSERT INTO public.cage (id, inmate) VALUES (59, false);
            INSERT INTO public.cage (id, inmate) VALUES (60, false);
            INSERT INTO public.cage (id, inmate) VALUES (61, false);
            INSERT INTO public.cage (id, inmate) VALUES (62, false);
            INSERT INTO public.cage (id, inmate) VALUES (63, false);
            INSERT INTO public.cage (id, inmate) VALUES (64, true);
            INSERT INTO public.cage (id, inmate) VALUES (65, false);
            INSERT INTO public.cage (id, inmate) VALUES (66, false);
            INSERT INTO public.cage (id, inmate) VALUES (67, true);
            INSERT INTO public.cage (id, inmate) VALUES (68, true);
            INSERT INTO public.cage (id, inmate) VALUES (69, false);
            INSERT INTO public.cage (id, inmate) VALUES (70, false);
            INSERT INTO public.cage (id, inmate) VALUES (71, false);
            INSERT INTO public.cage (id, inmate) VALUES (72, false);
            INSERT INTO public.cage (id, inmate) VALUES (73, true);
            INSERT INTO public.cage (id, inmate) VALUES (74, false);
            INSERT INTO public.cage (id, inmate) VALUES (75, true);
            INSERT INTO public.cage (id, inmate) VALUES (76, true);
            INSERT INTO public.cage (id, inmate) VALUES (77, true);
            INSERT INTO public.cage (id, inmate) VALUES (78, false);
            INSERT INTO public.cage (id, inmate) VALUES (79, false);
            INSERT INTO public.cage (id, inmate) VALUES (80, false);
            INSERT INTO public.cage (id, inmate) VALUES (81, false);
            INSERT INTO public.cage (id, inmate) VALUES (82, false);
            INSERT INTO public.cage (id, inmate) VALUES (83, false);
            INSERT INTO public.cage (id, inmate) VALUES (84, false);
            INSERT INTO public.cage (id, inmate) VALUES (85, true);
            INSERT INTO public.cage (id, inmate) VALUES (86, true);
            INSERT INTO public.cage (id, inmate) VALUES (87, true);
            INSERT INTO public.cage (id, inmate) VALUES (88, true);
            INSERT INTO public.cage (id, inmate) VALUES (89, false);
            INSERT INTO public.cage (id, inmate) VALUES (90, true);
            INSERT INTO public.cage (id, inmate) VALUES (91, true);
            INSERT INTO public.cage (id, inmate) VALUES (92, true);
            INSERT INTO public.cage (id, inmate) VALUES (93, false);
            INSERT INTO public.cage (id, inmate) VALUES (94, false);
            INSERT INTO public.cage (id, inmate) VALUES (95, true);
            INSERT INTO public.cage (id, inmate) VALUES (96, false);
            INSERT INTO public.cage (id, inmate) VALUES (97, true);
            INSERT INTO public.cage (id, inmate) VALUES (98, false);
            INSERT INTO public.cage (id, inmate) VALUES (99, true);

            INSERT INTO public.species (id, name, type, need_warm_place, age_for_childbirth) VALUES (1, 'лошадь', 'травоядное', false, 3);
            INSERT INTO public.species (id, name, type, need_warm_place, age_for_childbirth) VALUES (2, 'тигр', 'хищник', false, 2);
            INSERT INTO public.species (id, name, type, need_warm_place, age_for_childbirth) VALUES (3, 'лев', 'хищник', true, 3);
            INSERT INTO public.species (id, name, type, need_warm_place, age_for_childbirth) VALUES (4, 'олень', 'травоядное', false, 3);
            INSERT INTO public.species (id, name, type, need_warm_place, age_for_childbirth) VALUES (5, 'сова', 'хищник', false, 1);
            INSERT INTO public.species (id, name, type, need_warm_place, age_for_childbirth) VALUES (6, 'жираф', 'травоядное', true, 4);
            INSERT INTO public.species (id, name, type, need_warm_place, age_for_childbirth) VALUES (7, 'носорог', 'травоядное', false, 2);
            INSERT INTO public.species (id, name, type, need_warm_place, age_for_childbirth) VALUES (8, 'слон', 'травоядное', false, 3);
            INSERT INTO public.species (id, name, type, need_warm_place, age_for_childbirth) VALUES (9, 'гиена', 'хищник', false, 3);
            INSERT INTO public.species (id, name, type, need_warm_place, age_for_childbirth) VALUES (10, 'медведь', 'хищник', false, 2);

            INSERT INTO public.neighborhood (first_cage_id, second_cage_id) VALUES (90, 91);
            INSERT INTO public.neighborhood (first_cage_id, second_cage_id) VALUES (28, 67);
            INSERT INTO public.neighborhood (first_cage_id, second_cage_id) VALUES (70, 9);
            INSERT INTO public.neighborhood (first_cage_id, second_cage_id) VALUES (55, 44);
            INSERT INTO public.neighborhood (first_cage_id, second_cage_id) VALUES (13, 46);
            INSERT INTO public.neighborhood (first_cage_id, second_cage_id) VALUES (50, 6);
            INSERT INTO public.neighborhood (first_cage_id, second_cage_id) VALUES (55, 89);
            INSERT INTO public.neighborhood (first_cage_id, second_cage_id) VALUES (50, 8);
            INSERT INTO public.neighborhood (first_cage_id, second_cage_id) VALUES (4, 37);
            INSERT INTO public.neighborhood (first_cage_id, second_cage_id) VALUES (95, 89);
            INSERT INTO public.neighborhood (first_cage_id, second_cage_id) VALUES (22, 9);
            INSERT INTO public.neighborhood (first_cage_id, second_cage_id) VALUES (96, 32);
            INSERT INTO public.neighborhood (first_cage_id, second_cage_id) VALUES (61, 63);
            INSERT INTO public.neighborhood (first_cage_id, second_cage_id) VALUES (74, 35);
            INSERT INTO public.neighborhood (first_cage_id, second_cage_id) VALUES (64, 43);
            INSERT INTO public.neighborhood (first_cage_id, second_cage_id) VALUES (29, 53);
            INSERT INTO public.neighborhood (first_cage_id, second_cage_id) VALUES (75, 74);
            INSERT INTO public.neighborhood (first_cage_id, second_cage_id) VALUES (17, 38);
            INSERT INTO public.neighborhood (first_cage_id, second_cage_id) VALUES (86, 91);
            INSERT INTO public.neighborhood (first_cage_id, second_cage_id) VALUES (78, 67);
            INSERT INTO public.neighborhood (first_cage_id, second_cage_id) VALUES (31, 61);
            INSERT INTO public.neighborhood (first_cage_id, second_cage_id) VALUES (81, 32);
            INSERT INTO public.neighborhood (first_cage_id, second_cage_id) VALUES (60, 68);
            INSERT INTO public.neighborhood (first_cage_id, second_cage_id) VALUES (97, 29);
            INSERT INTO public.neighborhood (first_cage_id, second_cage_id) VALUES (2, 46);
            INSERT INTO public.neighborhood (first_cage_id, second_cage_id) VALUES (39, 63);
            INSERT INTO public.neighborhood (first_cage_id, second_cage_id) VALUES (61, 4);
            INSERT INTO public.neighborhood (first_cage_id, second_cage_id) VALUES (6, 37);
            INSERT INTO public.neighborhood (first_cage_id, second_cage_id) VALUES (85, 39);
            INSERT INTO public.neighborhood (first_cage_id, second_cage_id) VALUES (45, 50);
            INSERT INTO public.neighborhood (first_cage_id, second_cage_id) VALUES (55, 72);
            INSERT INTO public.neighborhood (first_cage_id, second_cage_id) VALUES (72, 24);
            INSERT INTO public.neighborhood (first_cage_id, second_cage_id) VALUES (79, 39);
            INSERT INTO public.neighborhood (first_cage_id, second_cage_id) VALUES (64, 33);
            INSERT INTO public.neighborhood (first_cage_id, second_cage_id) VALUES (46, 35);
            INSERT INTO public.neighborhood (first_cage_id, second_cage_id) VALUES (39, 94);
            INSERT INTO public.neighborhood (first_cage_id, second_cage_id) VALUES (10, 82);
            INSERT INTO public.neighborhood (first_cage_id, second_cage_id) VALUES (31, 77);
            INSERT INTO public.neighborhood (first_cage_id, second_cage_id) VALUES (41, 1);
            INSERT INTO public.neighborhood (first_cage_id, second_cage_id) VALUES (49, 39);
            INSERT INTO public.neighborhood (first_cage_id, second_cage_id) VALUES (85, 34);
            INSERT INTO public.neighborhood (first_cage_id, second_cage_id) VALUES (63, 85);
            INSERT INTO public.neighborhood (first_cage_id, second_cage_id) VALUES (80, 39);
            INSERT INTO public.neighborhood (first_cage_id, second_cage_id) VALUES (44, 5);
            INSERT INTO public.neighborhood (first_cage_id, second_cage_id) VALUES (91, 51);
            INSERT INTO public.neighborhood (first_cage_id, second_cage_id) VALUES (35, 57);
            INSERT INTO public.neighborhood (first_cage_id, second_cage_id) VALUES (30, 24);
            INSERT INTO public.neighborhood (first_cage_id, second_cage_id) VALUES (17, 30);
            INSERT INTO public.neighborhood (first_cage_id, second_cage_id) VALUES (60, 87);
            INSERT INTO public.neighborhood (first_cage_id, second_cage_id) VALUES (57, 77);
            INSERT INTO public.neighborhood (first_cage_id, second_cage_id) VALUES (69, 55);
            INSERT INTO public.neighborhood (first_cage_id, second_cage_id) VALUES (98, 12);
            INSERT INTO public.neighborhood (first_cage_id, second_cage_id) VALUES (77, 72);
            INSERT INTO public.neighborhood (first_cage_id, second_cage_id) VALUES (93, 87);
            INSERT INTO public.neighborhood (first_cage_id, second_cage_id) VALUES (90, 20);
            INSERT INTO public.neighborhood (first_cage_id, second_cage_id) VALUES (60, 63);
            INSERT INTO public.neighborhood (first_cage_id, second_cage_id) VALUES (69, 91);
            INSERT INTO public.neighborhood (first_cage_id, second_cage_id) VALUES (13, 92);
            INSERT INTO public.neighborhood (first_cage_id, second_cage_id) VALUES (21, 53);
            INSERT INTO public.neighborhood (first_cage_id, second_cage_id) VALUES (54, 63);
            INSERT INTO public.neighborhood (first_cage_id, second_cage_id) VALUES (93, 79);
            INSERT INTO public.neighborhood (first_cage_id, second_cage_id) VALUES (55, 31);
            INSERT INTO public.neighborhood (first_cage_id, second_cage_id) VALUES (52, 65);
            INSERT INTO public.neighborhood (first_cage_id, second_cage_id) VALUES (69, 53);
            INSERT INTO public.neighborhood (first_cage_id, second_cage_id) VALUES (53, 64);
            INSERT INTO public.neighborhood (first_cage_id, second_cage_id) VALUES (50, 80);
            INSERT INTO public.neighborhood (first_cage_id, second_cage_id) VALUES (68, 76);
            INSERT INTO public.neighborhood (first_cage_id, second_cage_id) VALUES (28, 29);
            INSERT INTO public.neighborhood (first_cage_id, second_cage_id) VALUES (91, 1);
            INSERT INTO public.neighborhood (first_cage_id, second_cage_id) VALUES (41, 74);
            INSERT INTO public.neighborhood (first_cage_id, second_cage_id) VALUES (19, 26);
            INSERT INTO public.neighborhood (first_cage_id, second_cage_id) VALUES (58, 37);
            INSERT INTO public.neighborhood (first_cage_id, second_cage_id) VALUES (76, 10);
            INSERT INTO public.neighborhood (first_cage_id, second_cage_id) VALUES (8, 66);
            INSERT INTO public.neighborhood (first_cage_id, second_cage_id) VALUES (79, 79);
            INSERT INTO public.neighborhood (first_cage_id, second_cage_id) VALUES (20, 55);
            INSERT INTO public.neighborhood (first_cage_id, second_cage_id) VALUES (16, 87);
            INSERT INTO public.neighborhood (first_cage_id, second_cage_id) VALUES (49, 69);
            INSERT INTO public.neighborhood (first_cage_id, second_cage_id) VALUES (57, 85);
            INSERT INTO public.neighborhood (first_cage_id, second_cage_id) VALUES (40, 1);
            INSERT INTO public.neighborhood (first_cage_id, second_cage_id) VALUES (87, 93);
            INSERT INTO public.neighborhood (first_cage_id, second_cage_id) VALUES (82, 1);
            INSERT INTO public.neighborhood (first_cage_id, second_cage_id) VALUES (21, 22);
            INSERT INTO public.neighborhood (first_cage_id, second_cage_id) VALUES (27, 10);
            INSERT INTO public.neighborhood (first_cage_id, second_cage_id) VALUES (95, 97);
            INSERT INTO public.neighborhood (first_cage_id, second_cage_id) VALUES (87, 28);
            INSERT INTO public.neighborhood (first_cage_id, second_cage_id) VALUES (70, 64);
            INSERT INTO public.neighborhood (first_cage_id, second_cage_id) VALUES (25, 70);
            INSERT INTO public.neighborhood (first_cage_id, second_cage_id) VALUES (38, 23);
            INSERT INTO public.neighborhood (first_cage_id, second_cage_id) VALUES (26, 7);
            INSERT INTO public.neighborhood (first_cage_id, second_cage_id) VALUES (13, 13);
            INSERT INTO public.neighborhood (first_cage_id, second_cage_id) VALUES (51, 85);
            INSERT INTO public.neighborhood (first_cage_id, second_cage_id) VALUES (89, 92);
            INSERT INTO public.neighborhood (first_cage_id, second_cage_id) VALUES (84, 14);
            INSERT INTO public.neighborhood (first_cage_id, second_cage_id) VALUES (36, 82);
            INSERT INTO public.neighborhood (first_cage_id, second_cage_id) VALUES (32, 17);
            INSERT INTO public.neighborhood (first_cage_id, second_cage_id) VALUES (64, 17);
            INSERT INTO public.neighborhood (first_cage_id, second_cage_id) VALUES (65, 18);
            INSERT INTO public.neighborhood (first_cage_id, second_cage_id) VALUES (30, 1);
            INSERT INTO public.neighborhood (first_cage_id, second_cage_id) VALUES (59, 17);

            INSERT INTO public.zoo (id, name) VALUES (1, 'Лимпопо');
            INSERT INTO public.zoo (id, name) VALUES (2, 'Швейцария');
            INSERT INTO public.zoo (id, name) VALUES (3, 'Нептун');
            INSERT INTO public.zoo (id, name) VALUES (4, 'Додо');
            INSERT INTO public.zoo (id, name) VALUES (5, 'Воробьи');
            INSERT INTO public.zoo (id, name) VALUES (6, 'Сафари');
            INSERT INTO public.zoo (id, name) VALUES (7, 'Тайган');
            INSERT INTO public.zoo (id, name) VALUES (8, 'Планета');
            INSERT INTO public.zoo (id, name) VALUES (9, 'Ручей');
            INSERT INTO public.zoo (id, name) VALUES (10, 'Приамурский');

            INSERT INTO public.exchange (zoo_id, animal_id, side) VALUES (3, 36, true);
            INSERT INTO public.exchange (zoo_id, animal_id, side) VALUES (6, 6, false);
            INSERT INTO public.exchange (zoo_id, animal_id, side) VALUES (9, 17, false);
            INSERT INTO public.exchange (zoo_id, animal_id, side) VALUES (4, 71, true);
            INSERT INTO public.exchange (zoo_id, animal_id, side) VALUES (1, 62, false);
            INSERT INTO public.exchange (zoo_id, animal_id, side) VALUES (9, 97, false);
            INSERT INTO public.exchange (zoo_id, animal_id, side) VALUES (7, 16, false);
            INSERT INTO public.exchange (zoo_id, animal_id, side) VALUES (1, 26, false);
            INSERT INTO public.exchange (zoo_id, animal_id, side) VALUES (5, 71, true);
            INSERT INTO public.exchange (zoo_id, animal_id, side) VALUES (6, 57, false);
            INSERT INTO public.exchange (zoo_id, animal_id, side) VALUES (2, 62, false);
            INSERT INTO public.exchange (zoo_id, animal_id, side) VALUES (8, 5, true);
            INSERT INTO public.exchange (zoo_id, animal_id, side) VALUES (9, 33, false);
            INSERT INTO public.exchange (zoo_id, animal_id, side) VALUES (3, 12, false);
            INSERT INTO public.exchange (zoo_id, animal_id, side) VALUES (4, 87, false);
            INSERT INTO public.exchange (zoo_id, animal_id, side) VALUES (5, 27, false);
            INSERT INTO public.exchange (zoo_id, animal_id, side) VALUES (4, 51, false);
            INSERT INTO public.exchange (zoo_id, animal_id, side) VALUES (8, 75, false);
            INSERT INTO public.exchange (zoo_id, animal_id, side) VALUES (1, 15, false);
            INSERT INTO public.exchange (zoo_id, animal_id, side) VALUES (7, 71, false);
            INSERT INTO public.exchange (zoo_id, animal_id, side) VALUES (4, 62, false);
            INSERT INTO public.exchange (zoo_id, animal_id, side) VALUES (8, 79, true);
            INSERT INTO public.exchange (zoo_id, animal_id, side) VALUES (7, 7, false);
            INSERT INTO public.exchange (zoo_id, animal_id, side) VALUES (9, 70, false);
            INSERT INTO public.exchange (zoo_id, animal_id, side) VALUES (2, 20, true);
            INSERT INTO public.exchange (zoo_id, animal_id, side) VALUES (8, 64, true);
            INSERT INTO public.exchange (zoo_id, animal_id, side) VALUES (2, 7, false);
            INSERT INTO public.exchange (zoo_id, animal_id, side) VALUES (3, 81, false);
            INSERT INTO public.exchange (zoo_id, animal_id, side) VALUES (3, 96, false);
            INSERT INTO public.exchange (zoo_id, animal_id, side) VALUES (2, 32, false);
            INSERT INTO public.exchange (zoo_id, animal_id, side) VALUES (2, 15, false);
            INSERT INTO public.exchange (zoo_id, animal_id, side) VALUES (3, 62, false);
            INSERT INTO public.exchange (zoo_id, animal_id, side) VALUES (4, 35, true);
            INSERT INTO public.exchange (zoo_id, animal_id, side) VALUES (9, 71, false);
            INSERT INTO public.exchange (zoo_id, animal_id, side) VALUES (3, 4, true);
            INSERT INTO public.exchange (zoo_id, animal_id, side) VALUES (2, 90, true);
            INSERT INTO public.exchange (zoo_id, animal_id, side) VALUES (1, 19, false);
            INSERT INTO public.exchange (zoo_id, animal_id, side) VALUES (1, 85, true);
            INSERT INTO public.exchange (zoo_id, animal_id, side) VALUES (4, 17, false);
            INSERT INTO public.exchange (zoo_id, animal_id, side) VALUES (4, 24, false);
            INSERT INTO public.exchange (zoo_id, animal_id, side) VALUES (5, 48, false);
            INSERT INTO public.exchange (zoo_id, animal_id, side) VALUES (5, 30, true);
            INSERT INTO public.exchange (zoo_id, animal_id, side) VALUES (8, 24, false);
            INSERT INTO public.exchange (zoo_id, animal_id, side) VALUES (2, 50, true);
            INSERT INTO public.exchange (zoo_id, animal_id, side) VALUES (8, 94, false);
            INSERT INTO public.exchange (zoo_id, animal_id, side) VALUES (9, 39, true);
            INSERT INTO public.exchange (zoo_id, animal_id, side) VALUES (4, 80, false);
            INSERT INTO public.exchange (zoo_id, animal_id, side) VALUES (7, 26, false);
            INSERT INTO public.exchange (zoo_id, animal_id, side) VALUES (3, 59, false);
            INSERT INTO public.exchange (zoo_id, animal_id, side) VALUES (3, 32, true);

            INSERT INTO public.compatibility (first_species_id, second_species_id) VALUES (1, 1);
            INSERT INTO public.compatibility (first_species_id, second_species_id) VALUES (2, 2);
            INSERT INTO public.compatibility (first_species_id, second_species_id) VALUES (3, 3);
            INSERT INTO public.compatibility (first_species_id, second_species_id) VALUES (4, 4);
            INSERT INTO public.compatibility (first_species_id, second_species_id) VALUES (5, 5);
            INSERT INTO public.compatibility (first_species_id, second_species_id) VALUES (6, 6);
            INSERT INTO public.compatibility (first_species_id, second_species_id) VALUES (7, 7);
            INSERT INTO public.compatibility (first_species_id, second_species_id) VALUES (8, 8);
            INSERT INTO public.compatibility (first_species_id, second_species_id) VALUES (9, 9);
            INSERT INTO public.compatibility (first_species_id, second_species_id) VALUES (10, 10);
            INSERT INTO public.compatibility (first_species_id, second_species_id) VALUES (1, 4);
            INSERT INTO public.compatibility (first_species_id, second_species_id) VALUES (1, 5);
            INSERT INTO public.compatibility (first_species_id, second_species_id) VALUES (4, 5);
            INSERT INTO public.compatibility (first_species_id, second_species_id) VALUES (1, 6);
            INSERT INTO public.compatibility (first_species_id, second_species_id) VALUES (1, 8);
            INSERT INTO public.compatibility (first_species_id, second_species_id) VALUES (4, 6);
            INSERT INTO public.compatibility (first_species_id, second_species_id) VALUES (4, 8);
            INSERT INTO public.compatibility (first_species_id, second_species_id) VALUES (5, 6);
            INSERT INTO public.compatibility (first_species_id, second_species_id) VALUES (5, 8);
            INSERT INTO public.compatibility (first_species_id, second_species_id) VALUES (6, 8);
            INSERT INTO public.compatibility (first_species_id, second_species_id) VALUES (2, 3);
            INSERT INTO public.compatibility (first_species_id, second_species_id) VALUES (2, 9);
            INSERT INTO public.compatibility (first_species_id, second_species_id) VALUES (2, 10);
            INSERT INTO public.compatibility (first_species_id, second_species_id) VALUES (3, 9);
            INSERT INTO public.compatibility (first_species_id, second_species_id) VALUES (3, 10);
            INSERT INTO public.compatibility (first_species_id, second_species_id) VALUES (9, 10);
            INSERT INTO public.compatibility (first_species_id, second_species_id) VALUES (7, 8);
            INSERT INTO public.compatibility (first_species_id, second_species_id) VALUES (7, 1);

            INSERT INTO public.feed (id, name, type) VALUES (1, 'фрукты', 'растительный');
            INSERT INTO public.feed (id, name, type) VALUES (2, 'овощи', 'растительный');
            INSERT INTO public.feed (id, name, type) VALUES (3, 'зерно', 'растительный');
            INSERT INTO public.feed (id, name, type) VALUES (4, 'сено', 'растительный');
            INSERT INTO public.feed (id, name, type) VALUES (5, 'мыши', 'живой');
            INSERT INTO public.feed (id, name, type) VALUES (6, 'птицы', 'живой');
            INSERT INTO public.feed (id, name, type) VALUES (7, 'говядина', 'мясо');
            INSERT INTO public.feed (id, name, type) VALUES (8, 'свинина', 'мясо');
            INSERT INTO public.feed (id, name, type) VALUES (9, 'смесь', 'комбикорм');
            INSERT INTO public.feed (id, name, type) VALUES (10, 'смеси', 'комбикорм');

            INSERT INTO public.provider (id, name) VALUES (1, 'ZooMarket');
            INSERT INTO public.provider (id, name) VALUES (2, 'Зоолавка');
            INSERT INTO public.provider (id, name) VALUES (3, 'Зоомир');
            INSERT INTO public.provider (id, name) VALUES (4, 'Зоомагазин');
            INSERT INTO public.provider (id, name) VALUES (5, 'Зоомаркет');
            INSERT INTO public.provider (id, name) VALUES (6, 'Зоосалон');
            INSERT INTO public.provider (id, name) VALUES (7, 'Зоосервис');
            INSERT INTO public.provider (id, name) VALUES (8, 'Зоосказка');
            INSERT INTO public.provider (id, name) VALUES (9, 'Зооуголок');
            INSERT INTO public.provider (id, name) VALUES (10, 'Зооквартал');
            INSERT INTO public.provider (id, name) VALUES (11, 'Зоопарк');

            INSERT INTO public.assortment (provider_id, feed_id) VALUES (1, 1);
            INSERT INTO public.assortment (provider_id, feed_id) VALUES (1, 2);
            INSERT INTO public.assortment (provider_id, feed_id) VALUES (1, 3);
            INSERT INTO public.assortment (provider_id, feed_id) VALUES (1, 4);
            INSERT INTO public.assortment (provider_id, feed_id) VALUES (1, 5);
            INSERT INTO public.assortment (provider_id, feed_id) VALUES (2, 3);
            INSERT INTO public.assortment (provider_id, feed_id) VALUES (3, 2);
            INSERT INTO public.assortment (provider_id, feed_id) VALUES (3, 3);
            INSERT INTO public.assortment (provider_id, feed_id) VALUES (3, 4);
            INSERT INTO public.assortment (provider_id, feed_id) VALUES (3, 5);
            INSERT INTO public.assortment (provider_id, feed_id) VALUES (3, 6);
            INSERT INTO public.assortment (provider_id, feed_id) VALUES (3, 7);
            INSERT INTO public.assortment (provider_id, feed_id) VALUES (4, 7);
            INSERT INTO public.assortment (provider_id, feed_id) VALUES (5, 5);
            INSERT INTO public.assortment (provider_id, feed_id) VALUES (5, 6);
            INSERT INTO public.assortment (provider_id, feed_id) VALUES (5, 7);
            INSERT INTO public.assortment (provider_id, feed_id) VALUES (5, 8);
            INSERT INTO public.assortment (provider_id, feed_id) VALUES (6, 5);
            INSERT INTO public.assortment (provider_id, feed_id) VALUES (6, 6);
            INSERT INTO public.assortment (provider_id, feed_id) VALUES (6, 7);
            INSERT INTO public.assortment (provider_id, feed_id) VALUES (6, 8);
            INSERT INTO public.assortment (provider_id, feed_id) VALUES (7, 5);
            INSERT INTO public.assortment (provider_id, feed_id) VALUES (8, 7);
            INSERT INTO public.assortment (provider_id, feed_id) VALUES (8, 8);
            INSERT INTO public.assortment (provider_id, feed_id) VALUES (8, 9);
            INSERT INTO public.assortment (provider_id, feed_id) VALUES (9, 9);
            INSERT INTO public.assortment (provider_id, feed_id) VALUES (10, 8);
            INSERT INTO public.assortment (provider_id, feed_id) VALUES (10, 9);
            INSERT INTO public.assortment (provider_id, feed_id) VALUES (10, 10);
            INSERT INTO public.assortment (provider_id, feed_id) VALUES (11, 8);
            INSERT INTO public.assortment (provider_id, feed_id) VALUES (11, 9);
            INSERT INTO public.assortment (provider_id, feed_id) VALUES (11, 10);

            INSERT INTO public.supply (id, provider_id, feed_id, supply_date, feed_amount, price) VALUES (1, 1, 1, '2009-11-06', 60, 64);
            INSERT INTO public.supply (id, provider_id, feed_id, supply_date, feed_amount, price) VALUES (2, 1, 3, '2014-05-26', 35, 28);
            INSERT INTO public.supply (id, provider_id, feed_id, supply_date, feed_amount, price) VALUES (3, 1, 3, '2007-11-08', 42, 78);
            INSERT INTO public.supply (id, provider_id, feed_id, supply_date, feed_amount, price) VALUES (4, 1, 1, '2005-03-15', 18, 48);
            INSERT INTO public.supply (id, provider_id, feed_id, supply_date, feed_amount, price) VALUES (5, 1, 3, '2012-08-14', 91, 92);
            INSERT INTO public.supply (id, provider_id, feed_id, supply_date, feed_amount, price) VALUES (6, 1, 4, '2014-03-18', 10, 57);
            INSERT INTO public.supply (id, provider_id, feed_id, supply_date, feed_amount, price) VALUES (7, 1, 4, '2005-10-28', 16, 38);
            INSERT INTO public.supply (id, provider_id, feed_id, supply_date, feed_amount, price) VALUES (8, 1, 4, '2014-02-24', 87, 86);
            INSERT INTO public.supply (id, provider_id, feed_id, supply_date, feed_amount, price) VALUES (9, 1, 1, '2011-11-04', 62, 43);
            INSERT INTO public.supply (id, provider_id, feed_id, supply_date, feed_amount, price) VALUES (10, 1, 1, '2008-08-10', 24, 96);
            INSERT INTO public.supply (id, provider_id, feed_id, supply_date, feed_amount, price) VALUES (11, 1, 2, '2007-04-06', 96, 81);
            INSERT INTO public.supply (id, provider_id, feed_id, supply_date, feed_amount, price) VALUES (12, 1, 1, '2013-11-17', 47, 60);
            INSERT INTO public.supply (id, provider_id, feed_id, supply_date, feed_amount, price) VALUES (13, 1, 2, '2019-07-25', 71, 74);
            INSERT INTO public.supply (id, provider_id, feed_id, supply_date, feed_amount, price) VALUES (14, 1, 2, '2019-08-12', 25, 57);
            INSERT INTO public.supply (id, provider_id, feed_id, supply_date, feed_amount, price) VALUES (15, 1, 3, '2013-07-09', 25, 83);
            INSERT INTO public.supply (id, provider_id, feed_id, supply_date, feed_amount, price) VALUES (16, 1, 3, '2007-02-23', 50, 46);
            INSERT INTO public.supply (id, provider_id, feed_id, supply_date, feed_amount, price) VALUES (17, 1, 3, '2015-08-20', 28, 96);
            INSERT INTO public.supply (id, provider_id, feed_id, supply_date, feed_amount, price) VALUES (18, 1, 2, '2013-08-22', 91, 36);
            INSERT INTO public.supply (id, provider_id, feed_id, supply_date, feed_amount, price) VALUES (19, 1, 4, '2007-01-11', 29, 69);
            INSERT INTO public.supply (id, provider_id, feed_id, supply_date, feed_amount, price) VALUES (20, 1, 3, '2010-07-11', 39, 93);
            INSERT INTO public.supply (id, provider_id, feed_id, supply_date, feed_amount, price) VALUES (21, 3, 2, '2009-05-26', 34, 82);
            INSERT INTO public.supply (id, provider_id, feed_id, supply_date, feed_amount, price) VALUES (22, 3, 4, '2005-06-27', 50, 8);
            INSERT INTO public.supply (id, provider_id, feed_id, supply_date, feed_amount, price) VALUES (23, 3, 3, '2007-06-10', 6, 44);
            INSERT INTO public.supply (id, provider_id, feed_id, supply_date, feed_amount, price) VALUES (24, 3, 2, '2008-02-11', 52, 48);
            INSERT INTO public.supply (id, provider_id, feed_id, supply_date, feed_amount, price) VALUES (25, 3, 3, '2016-04-27', 63, 40);
            INSERT INTO public.supply (id, provider_id, feed_id, supply_date, feed_amount, price) VALUES (26, 3, 2, '2007-09-23', 13, 90);
            INSERT INTO public.supply (id, provider_id, feed_id, supply_date, feed_amount, price) VALUES (27, 3, 2, '2008-07-29', 70, 62);
            INSERT INTO public.supply (id, provider_id, feed_id, supply_date, feed_amount, price) VALUES (28, 3, 6, '2010-09-22', 52, 31);
            INSERT INTO public.supply (id, provider_id, feed_id, supply_date, feed_amount, price) VALUES (29, 3, 2, '2007-04-17', 67, 18);
            INSERT INTO public.supply (id, provider_id, feed_id, supply_date, feed_amount, price) VALUES (30, 3, 5, '2007-10-02', 5, 67);
            INSERT INTO public.supply (id, provider_id, feed_id, supply_date, feed_amount, price) VALUES (31, 3, 3, '2010-10-12', 82, 90);
            INSERT INTO public.supply (id, provider_id, feed_id, supply_date, feed_amount, price) VALUES (32, 3, 2, '2019-06-14', 80, 79);
            INSERT INTO public.supply (id, provider_id, feed_id, supply_date, feed_amount, price) VALUES (33, 3, 5, '2012-11-29', 46, 30);
            INSERT INTO public.supply (id, provider_id, feed_id, supply_date, feed_amount, price) VALUES (34, 3, 6, '2010-08-22', 91, 80);
            INSERT INTO public.supply (id, provider_id, feed_id, supply_date, feed_amount, price) VALUES (35, 3, 5, '2013-07-23', 91, 44);
            INSERT INTO public.supply (id, provider_id, feed_id, supply_date, feed_amount, price) VALUES (36, 5, 5, '2005-07-22', 40, 73);
            INSERT INTO public.supply (id, provider_id, feed_id, supply_date, feed_amount, price) VALUES (37, 6, 6, '2017-04-25', 7, 82);
            INSERT INTO public.supply (id, provider_id, feed_id, supply_date, feed_amount, price) VALUES (38, 5, 6, '2007-09-15', 97, 85);
            INSERT INTO public.supply (id, provider_id, feed_id, supply_date, feed_amount, price) VALUES (39, 6, 6, '2017-11-06', 54, 45);
            INSERT INTO public.supply (id, provider_id, feed_id, supply_date, feed_amount, price) VALUES (40, 6, 5, '2011-07-28', 64, 84);
            INSERT INTO public.supply (id, provider_id, feed_id, supply_date, feed_amount, price) VALUES (41, 6, 7, '2018-11-03', 46, 71);
            INSERT INTO public.supply (id, provider_id, feed_id, supply_date, feed_amount, price) VALUES (42, 6, 6, '2006-02-12', 27, 45);
            INSERT INTO public.supply (id, provider_id, feed_id, supply_date, feed_amount, price) VALUES (43, 6, 5, '2008-06-28', 48, 99);
            INSERT INTO public.supply (id, provider_id, feed_id, supply_date, feed_amount, price) VALUES (44, 5, 6, '2018-06-23', 82, 67);
            INSERT INTO public.supply (id, provider_id, feed_id, supply_date, feed_amount, price) VALUES (45, 6, 6, '2012-06-09', 27, 31);
            INSERT INTO public.supply (id, provider_id, feed_id, supply_date, feed_amount, price) VALUES (46, 6, 5, '2007-01-05', 97, 49);
            INSERT INTO public.supply (id, provider_id, feed_id, supply_date, feed_amount, price) VALUES (47, 5, 7, '2015-02-10', 76, 56);
            INSERT INTO public.supply (id, provider_id, feed_id, supply_date, feed_amount, price) VALUES (48, 6, 7, '2008-03-01', 70, 49);
            INSERT INTO public.supply (id, provider_id, feed_id, supply_date, feed_amount, price) VALUES (49, 6, 7, '2007-06-02', 85, 64);
            INSERT INTO public.supply (id, provider_id, feed_id, supply_date, feed_amount, price) VALUES (50, 6, 5, '2004-12-08', 6, 98);
            INSERT INTO public.supply (id, provider_id, feed_id, supply_date, feed_amount, price) VALUES (51, 6, 6, '2010-11-30', 26, 82);
            INSERT INTO public.supply (id, provider_id, feed_id, supply_date, feed_amount, price) VALUES (52, 5, 7, '2012-06-14', 79, 92);
            INSERT INTO public.supply (id, provider_id, feed_id, supply_date, feed_amount, price) VALUES (53, 5, 5, '2008-09-15', 78, 8);
            INSERT INTO public.supply (id, provider_id, feed_id, supply_date, feed_amount, price) VALUES (54, 5, 6, '2016-07-30', 96, 44);
            INSERT INTO public.supply (id, provider_id, feed_id, supply_date, feed_amount, price) VALUES (55, 5, 5, '2019-02-14', 88, 84);
            INSERT INTO public.supply (id, provider_id, feed_id, supply_date, feed_amount, price) VALUES (56, 5, 5, '2012-07-13', 40, 5);
            INSERT INTO public.supply (id, provider_id, feed_id, supply_date, feed_amount, price) VALUES (57, 5, 5, '2017-05-19', 28, 84);
            INSERT INTO public.supply (id, provider_id, feed_id, supply_date, feed_amount, price) VALUES (58, 5, 5, '2010-10-14', 95, 67);
            INSERT INTO public.supply (id, provider_id, feed_id, supply_date, feed_amount, price) VALUES (59, 5, 7, '2013-02-23', 96, 88);
            INSERT INTO public.supply (id, provider_id, feed_id, supply_date, feed_amount, price) VALUES (60, 5, 7, '2019-05-27', 33, 87);
            INSERT INTO public.supply (id, provider_id, feed_id, supply_date, feed_amount, price) VALUES (61, 8, 8, '2012-06-14', 66, 18);
            INSERT INTO public.supply (id, provider_id, feed_id, supply_date, feed_amount, price) VALUES (62, 8, 7, '2015-01-14', 29, 19);
            INSERT INTO public.supply (id, provider_id, feed_id, supply_date, feed_amount, price) VALUES (63, 8, 8, '2013-04-15', 36, 48);
            INSERT INTO public.supply (id, provider_id, feed_id, supply_date, feed_amount, price) VALUES (64, 8, 7, '2013-03-16', 39, 27);
            INSERT INTO public.supply (id, provider_id, feed_id, supply_date, feed_amount, price) VALUES (65, 8, 8, '2016-07-05', 46, 22);
            INSERT INTO public.supply (id, provider_id, feed_id, supply_date, feed_amount, price) VALUES (66, 8, 8, '2005-04-24', 10, 30);
            INSERT INTO public.supply (id, provider_id, feed_id, supply_date, feed_amount, price) VALUES (67, 8, 8, '2008-05-02', 94, 70);
            INSERT INTO public.supply (id, provider_id, feed_id, supply_date, feed_amount, price) VALUES (68, 8, 7, '2010-12-20', 44, 16);
            INSERT INTO public.supply (id, provider_id, feed_id, supply_date, feed_amount, price) VALUES (69, 8, 8, '2012-07-21', 16, 77);
            INSERT INTO public.supply (id, provider_id, feed_id, supply_date, feed_amount, price) VALUES (70, 8, 7, '2007-02-06', 8, 12);
            INSERT INTO public.supply (id, provider_id, feed_id, supply_date, feed_amount, price) VALUES (71, 8, 7, '2009-02-17', 23, 71);
            INSERT INTO public.supply (id, provider_id, feed_id, supply_date, feed_amount, price) VALUES (72, 8, 8, '2017-10-16', 26, 88);
            INSERT INTO public.supply (id, provider_id, feed_id, supply_date, feed_amount, price) VALUES (73, 8, 7, '2007-01-19', 17, 18);
            INSERT INTO public.supply (id, provider_id, feed_id, supply_date, feed_amount, price) VALUES (74, 8, 8, '2007-07-31', 98, 27);
            INSERT INTO public.supply (id, provider_id, feed_id, supply_date, feed_amount, price) VALUES (75, 8, 8, '2008-08-01', 8, 88);
            INSERT INTO public.supply (id, provider_id, feed_id, supply_date, feed_amount, price) VALUES (76, 8, 8, '2009-07-11', 43, 10);
            INSERT INTO public.supply (id, provider_id, feed_id, supply_date, feed_amount, price) VALUES (77, 8, 8, '2018-12-20', 21, 57);
            INSERT INTO public.supply (id, provider_id, feed_id, supply_date, feed_amount, price) VALUES (78, 8, 7, '2012-04-13', 63, 93);
            INSERT INTO public.supply (id, provider_id, feed_id, supply_date, feed_amount, price) VALUES (79, 8, 8, '2018-10-18', 97, 69);
            INSERT INTO public.supply (id, provider_id, feed_id, supply_date, feed_amount, price) VALUES (80, 8, 8, '2012-10-18', 19, 47);
            INSERT INTO public.supply (id, provider_id, feed_id, supply_date, feed_amount, price) VALUES (81, 10, 9, '2019-04-04', 63, 50);
            INSERT INTO public.supply (id, provider_id, feed_id, supply_date, feed_amount, price) VALUES (82, 11, 8, '2016-03-25', 15, 53);
            INSERT INTO public.supply (id, provider_id, feed_id, supply_date, feed_amount, price) VALUES (83, 10, 8, '2007-04-13', 39, 68);
            INSERT INTO public.supply (id, provider_id, feed_id, supply_date, feed_amount, price) VALUES (84, 11, 8, '2005-05-11', 84, 17);
            INSERT INTO public.supply (id, provider_id, feed_id, supply_date, feed_amount, price) VALUES (85, 11, 9, '2015-05-25', 39, 18);
            INSERT INTO public.supply (id, provider_id, feed_id, supply_date, feed_amount, price) VALUES (86, 10, 9, '2018-03-01', 92, 59);
            INSERT INTO public.supply (id, provider_id, feed_id, supply_date, feed_amount, price) VALUES (87, 10, 8, '2018-09-27', 63, 17);
            INSERT INTO public.supply (id, provider_id, feed_id, supply_date, feed_amount, price) VALUES (88, 10, 9, '2006-04-11', 97, 9);
            INSERT INTO public.supply (id, provider_id, feed_id, supply_date, feed_amount, price) VALUES (89, 10, 8, '2010-12-14', 46, 89);
            INSERT INTO public.supply (id, provider_id, feed_id, supply_date, feed_amount, price) VALUES (90, 11, 8, '2014-06-20', 45, 71);
            INSERT INTO public.supply (id, provider_id, feed_id, supply_date, feed_amount, price) VALUES (91, 10, 8, '2007-09-06', 90, 16);
            INSERT INTO public.supply (id, provider_id, feed_id, supply_date, feed_amount, price) VALUES (92, 11, 8, '2007-05-03', 18, 48);
            INSERT INTO public.supply (id, provider_id, feed_id, supply_date, feed_amount, price) VALUES (93, 10, 8, '2007-06-09', 7, 5);
            INSERT INTO public.supply (id, provider_id, feed_id, supply_date, feed_amount, price) VALUES (94, 10, 9, '2008-01-28', 70, 58);
            INSERT INTO public.supply (id, provider_id, feed_id, supply_date, feed_amount, price) VALUES (95, 11, 8, '2007-09-26', 49, 69);
            INSERT INTO public.supply (id, provider_id, feed_id, supply_date, feed_amount, price) VALUES (96, 11, 8, '2011-12-27', 8, 64);
            INSERT INTO public.supply (id, provider_id, feed_id, supply_date, feed_amount, price) VALUES (97, 10, 9, '2018-12-25', 36, 17);
            INSERT INTO public.supply (id, provider_id, feed_id, supply_date, feed_amount, price) VALUES (98, 11, 9, '2011-02-04', 85, 11);
            INSERT INTO public.supply (id, provider_id, feed_id, supply_date, feed_amount, price) VALUES (99, 10, 8, '2005-07-16', 95, 38);
            INSERT INTO public.supply (id, provider_id, feed_id, supply_date, feed_amount, price) VALUES (100, 10, 9, '2019-08-15', 53, 81);

            INSERT INTO public.illness (id, name, graft) VALUES (1, 'бешенство', 'прививка от бешенства');
            INSERT INTO public.illness (id, name, graft) VALUES (2, 'лептаспириоз', 'антитела');
            INSERT INTO public.illness (id, name, graft) VALUES (3, 'гастроэнтерит', 'не требуется');
            INSERT INTO public.illness (id, name, graft) VALUES (4, 'бруцеллёз', 'антибиотики');
            INSERT INTO public.illness (id, name, graft) VALUES (5, 'лептаспироз', 'антибиотики');
            INSERT INTO public.illness (id, name, graft) VALUES (6, 'брадзот', 'антитела');
            INSERT INTO public.illness (id, name, graft) VALUES (7, 'чума', 'не требуется');
            INSERT INTO public.illness (id, name, graft) VALUES (8, 'токсоплазмоз', 'антибиотики');
            INSERT INTO public.illness (id, name, graft) VALUES (9, 'энтерит', 'прививка от энтерита');
            INSERT INTO public.illness (id, name, graft) VALUES (10, 'гетерохромия', 'не требуется');

            INSERT INTO public.medical_examination (id, animal_id, vet_id, weight, height) VALUES (1, 24, 6, 59, 234);
            INSERT INTO public.medical_examination (id, animal_id, vet_id, weight, height) VALUES (2, 20, 2, 57, 250);
            INSERT INTO public.medical_examination (id, animal_id, vet_id, weight, height) VALUES (3, 3, 13, 89, 256);
            INSERT INTO public.medical_examination (id, animal_id, vet_id, weight, height) VALUES (4, 37, 2, 26, 298);
            INSERT INTO public.medical_examination (id, animal_id, vet_id, weight, height) VALUES (5, 3, 9, 97, 110);
            INSERT INTO public.medical_examination (id, animal_id, vet_id, weight, height) VALUES (6, 33, 1, 6, 64);
            INSERT INTO public.medical_examination (id, animal_id, vet_id, weight, height) VALUES (7, 74, 2, 94, 161);
            INSERT INTO public.medical_examination (id, animal_id, vet_id, weight, height) VALUES (8, 10, 5, 9, 215);
            INSERT INTO public.medical_examination (id, animal_id, vet_id, weight, height) VALUES (9, 80, 2, 60, 59);
            INSERT INTO public.medical_examination (id, animal_id, vet_id, weight, height) VALUES (10, 31, 8, 25, 99);
            INSERT INTO public.medical_examination (id, animal_id, vet_id, weight, height) VALUES (11, 93, 2, 78, 64);
            INSERT INTO public.medical_examination (id, animal_id, vet_id, weight, height) VALUES (12, 20, 3, 75, 103);
            INSERT INTO public.medical_examination (id, animal_id, vet_id, weight, height) VALUES (13, 85, 13, 98, 173);
            INSERT INTO public.medical_examination (id, animal_id, vet_id, weight, height) VALUES (14, 63, 18, 33, 264);
            INSERT INTO public.medical_examination (id, animal_id, vet_id, weight, height) VALUES (15, 76, 6, 81, 133);
            INSERT INTO public.medical_examination (id, animal_id, vet_id, weight, height) VALUES (16, 78, 4, 55, 251);
            INSERT INTO public.medical_examination (id, animal_id, vet_id, weight, height) VALUES (17, 81, 15, 86, 277);
            INSERT INTO public.medical_examination (id, animal_id, vet_id, weight, height) VALUES (18, 73, 3, 59, 264);
            INSERT INTO public.medical_examination (id, animal_id, vet_id, weight, height) VALUES (19, 22, 1, 82, 278);
            INSERT INTO public.medical_examination (id, animal_id, vet_id, weight, height) VALUES (20, 86, 11, 22, 177);
            INSERT INTO public.medical_examination (id, animal_id, vet_id, weight, height) VALUES (21, 22, 1, 91, 69);
            INSERT INTO public.medical_examination (id, animal_id, vet_id, weight, height) VALUES (22, 53, 4, 74, 297);
            INSERT INTO public.medical_examination (id, animal_id, vet_id, weight, height) VALUES (23, 97, 5, 77, 56);
            INSERT INTO public.medical_examination (id, animal_id, vet_id, weight, height) VALUES (24, 85, 9, 58, 196);
            INSERT INTO public.medical_examination (id, animal_id, vet_id, weight, height) VALUES (25, 75, 9, 19, 161);
            INSERT INTO public.medical_examination (id, animal_id, vet_id, weight, height) VALUES (26, 85, 6, 68, 192);
            INSERT INTO public.medical_examination (id, animal_id, vet_id, weight, height) VALUES (27, 80, 8, 30, 103);
            INSERT INTO public.medical_examination (id, animal_id, vet_id, weight, height) VALUES (28, 36, 5, 35, 221);
            INSERT INTO public.medical_examination (id, animal_id, vet_id, weight, height) VALUES (29, 1, 10, 14, 237);
            INSERT INTO public.medical_examination (id, animal_id, vet_id, weight, height) VALUES (30, 54, 2, 45, 87);
            INSERT INTO public.medical_examination (id, animal_id, vet_id, weight, height) VALUES (31, 76, 11, 73, 135);
            INSERT INTO public.medical_examination (id, animal_id, vet_id, weight, height) VALUES (32, 64, 19, 93, 171);
            INSERT INTO public.medical_examination (id, animal_id, vet_id, weight, height) VALUES (33, 6, 1, 88, 267);
            INSERT INTO public.medical_examination (id, animal_id, vet_id, weight, height) VALUES (34, 11, 17, 60, 184);
            INSERT INTO public.medical_examination (id, animal_id, vet_id, weight, height) VALUES (35, 65, 4, 31, 171);
            INSERT INTO public.medical_examination (id, animal_id, vet_id, weight, height) VALUES (36, 27, 18, 23, 130);
            INSERT INTO public.medical_examination (id, animal_id, vet_id, weight, height) VALUES (37, 17, 16, 55, 97);
            INSERT INTO public.medical_examination (id, animal_id, vet_id, weight, height) VALUES (38, 17, 8, 67, 92);
            INSERT INTO public.medical_examination (id, animal_id, vet_id, weight, height) VALUES (39, 36, 3, 55, 155);
            INSERT INTO public.medical_examination (id, animal_id, vet_id, weight, height) VALUES (40, 16, 8, 98, 133);
            INSERT INTO public.medical_examination (id, animal_id, vet_id, weight, height) VALUES (41, 84, 19, 40, 255);
            INSERT INTO public.medical_examination (id, animal_id, vet_id, weight, height) VALUES (42, 48, 9, 26, 165);
            INSERT INTO public.medical_examination (id, animal_id, vet_id, weight, height) VALUES (43, 20, 17, 24, 296);
            INSERT INTO public.medical_examination (id, animal_id, vet_id, weight, height) VALUES (44, 82, 14, 59, 140);
            INSERT INTO public.medical_examination (id, animal_id, vet_id, weight, height) VALUES (45, 74, 13, 74, 262);
            INSERT INTO public.medical_examination (id, animal_id, vet_id, weight, height) VALUES (46, 14, 11, 61, 133);
            INSERT INTO public.medical_examination (id, animal_id, vet_id, weight, height) VALUES (47, 29, 18, 40, 228);
            INSERT INTO public.medical_examination (id, animal_id, vet_id, weight, height) VALUES (48, 17, 2, 76, 250);
            INSERT INTO public.medical_examination (id, animal_id, vet_id, weight, height) VALUES (49, 35, 11, 14, 296);
            INSERT INTO public.medical_examination (id, animal_id, vet_id, weight, height) VALUES (50, 27, 14, 6, 136);
            INSERT INTO public.medical_examination (id, animal_id, vet_id, weight, height) VALUES (51, 52, 14, 43, 240);
            INSERT INTO public.medical_examination (id, animal_id, vet_id, weight, height) VALUES (52, 78, 10, 22, 282);
            INSERT INTO public.medical_examination (id, animal_id, vet_id, weight, height) VALUES (53, 65, 2, 78, 74);
            INSERT INTO public.medical_examination (id, animal_id, vet_id, weight, height) VALUES (54, 3, 1, 78, 243);
            INSERT INTO public.medical_examination (id, animal_id, vet_id, weight, height) VALUES (55, 26, 8, 57, 102);
            INSERT INTO public.medical_examination (id, animal_id, vet_id, weight, height) VALUES (56, 34, 18, 86, 169);
            INSERT INTO public.medical_examination (id, animal_id, vet_id, weight, height) VALUES (57, 82, 17, 49, 203);
            INSERT INTO public.medical_examination (id, animal_id, vet_id, weight, height) VALUES (58, 46, 5, 94, 70);
            INSERT INTO public.medical_examination (id, animal_id, vet_id, weight, height) VALUES (59, 35, 12, 96, 75);
            INSERT INTO public.medical_examination (id, animal_id, vet_id, weight, height) VALUES (60, 23, 15, 42, 158);
            INSERT INTO public.medical_examination (id, animal_id, vet_id, weight, height) VALUES (61, 39, 2, 86, 287);
            INSERT INTO public.medical_examination (id, animal_id, vet_id, weight, height) VALUES (62, 99, 7, 10, 228);
            INSERT INTO public.medical_examination (id, animal_id, vet_id, weight, height) VALUES (63, 15, 16, 97, 281);
            INSERT INTO public.medical_examination (id, animal_id, vet_id, weight, height) VALUES (64, 78, 9, 25, 229);
            INSERT INTO public.medical_examination (id, animal_id, vet_id, weight, height) VALUES (65, 97, 19, 23, 85);
            INSERT INTO public.medical_examination (id, animal_id, vet_id, weight, height) VALUES (66, 73, 4, 84, 285);
            INSERT INTO public.medical_examination (id, animal_id, vet_id, weight, height) VALUES (67, 29, 6, 2, 191);
            INSERT INTO public.medical_examination (id, animal_id, vet_id, weight, height) VALUES (68, 56, 13, 78, 56);
            INSERT INTO public.medical_examination (id, animal_id, vet_id, weight, height) VALUES (69, 59, 17, 68, 269);
            INSERT INTO public.medical_examination (id, animal_id, vet_id, weight, height) VALUES (70, 26, 13, 66, 213);
            INSERT INTO public.medical_examination (id, animal_id, vet_id, weight, height) VALUES (71, 41, 1, 4, 235);
            INSERT INTO public.medical_examination (id, animal_id, vet_id, weight, height) VALUES (72, 84, 19, 99, 107);
            INSERT INTO public.medical_examination (id, animal_id, vet_id, weight, height) VALUES (73, 20, 4, 19, 179);
            INSERT INTO public.medical_examination (id, animal_id, vet_id, weight, height) VALUES (74, 82, 16, 57, 54);
            INSERT INTO public.medical_examination (id, animal_id, vet_id, weight, height) VALUES (75, 22, 6, 59, 86);
            INSERT INTO public.medical_examination (id, animal_id, vet_id, weight, height) VALUES (76, 3, 10, 44, 295);
            INSERT INTO public.medical_examination (id, animal_id, vet_id, weight, height) VALUES (77, 28, 3, 12, 270);
            INSERT INTO public.medical_examination (id, animal_id, vet_id, weight, height) VALUES (78, 6, 5, 10, 115);
            INSERT INTO public.medical_examination (id, animal_id, vet_id, weight, height) VALUES (79, 15, 16, 69, 277);
            INSERT INTO public.medical_examination (id, animal_id, vet_id, weight, height) VALUES (80, 54, 7, 7, 149);
            INSERT INTO public.medical_examination (id, animal_id, vet_id, weight, height) VALUES (81, 43, 17, 8, 215);
            INSERT INTO public.medical_examination (id, animal_id, vet_id, weight, height) VALUES (82, 74, 1, 23, 88);
            INSERT INTO public.medical_examination (id, animal_id, vet_id, weight, height) VALUES (83, 21, 10, 94, 216);
            INSERT INTO public.medical_examination (id, animal_id, vet_id, weight, height) VALUES (84, 6, 2, 54, 288);
            INSERT INTO public.medical_examination (id, animal_id, vet_id, weight, height) VALUES (85, 57, 8, 91, 171);
            INSERT INTO public.medical_examination (id, animal_id, vet_id, weight, height) VALUES (86, 94, 14, 90, 227);
            INSERT INTO public.medical_examination (id, animal_id, vet_id, weight, height) VALUES (87, 72, 14, 26, 86);
            INSERT INTO public.medical_examination (id, animal_id, vet_id, weight, height) VALUES (88, 78, 18, 98, 287);
            INSERT INTO public.medical_examination (id, animal_id, vet_id, weight, height) VALUES (89, 29, 8, 86, 179);
            INSERT INTO public.medical_examination (id, animal_id, vet_id, weight, height) VALUES (90, 47, 2, 57, 90);
            INSERT INTO public.medical_examination (id, animal_id, vet_id, weight, height) VALUES (91, 88, 11, 42, 265);
            INSERT INTO public.medical_examination (id, animal_id, vet_id, weight, height) VALUES (92, 4, 2, 78, 172);
            INSERT INTO public.medical_examination (id, animal_id, vet_id, weight, height) VALUES (93, 54, 9, 81, 151);
            INSERT INTO public.medical_examination (id, animal_id, vet_id, weight, height) VALUES (94, 86, 15, 87, 203);
            INSERT INTO public.medical_examination (id, animal_id, vet_id, weight, height) VALUES (95, 74, 16, 76, 208);
            INSERT INTO public.medical_examination (id, animal_id, vet_id, weight, height) VALUES (96, 77, 16, 25, 209);
            INSERT INTO public.medical_examination (id, animal_id, vet_id, weight, height) VALUES (97, 81, 5, 82, 246);
            INSERT INTO public.medical_examination (id, animal_id, vet_id, weight, height) VALUES (98, 10, 12, 67, 277);
            INSERT INTO public.medical_examination (id, animal_id, vet_id, weight, height) VALUES (99, 17, 3, 16, 195);
            INSERT INTO public.medical_examination (id, animal_id, vet_id, weight, height) VALUES (100, 1, 16, 17, 137);

            INSERT INTO public.illness_on_medical_examination (illness_id, medical_examination_id) VALUES (2, 79);
            INSERT INTO public.illness_on_medical_examination (illness_id, medical_examination_id) VALUES (1, 13);
            INSERT INTO public.illness_on_medical_examination (illness_id, medical_examination_id) VALUES (8, 58);
            INSERT INTO public.illness_on_medical_examination (illness_id, medical_examination_id) VALUES (3, 53);
            INSERT INTO public.illness_on_medical_examination (illness_id, medical_examination_id) VALUES (7, 52);
            INSERT INTO public.illness_on_medical_examination (illness_id, medical_examination_id) VALUES (9, 54);
            INSERT INTO public.illness_on_medical_examination (illness_id, medical_examination_id) VALUES (7, 78);
            INSERT INTO public.illness_on_medical_examination (illness_id, medical_examination_id) VALUES (8, 47);
            INSERT INTO public.illness_on_medical_examination (illness_id, medical_examination_id) VALUES (1, 50);
            INSERT INTO public.illness_on_medical_examination (illness_id, medical_examination_id) VALUES (8, 79);
            INSERT INTO public.illness_on_medical_examination (illness_id, medical_examination_id) VALUES (7, 41);
            INSERT INTO public.illness_on_medical_examination (illness_id, medical_examination_id) VALUES (1, 62);
            INSERT INTO public.illness_on_medical_examination (illness_id, medical_examination_id) VALUES (3, 90);
            INSERT INTO public.illness_on_medical_examination (illness_id, medical_examination_id) VALUES (4, 84);
            INSERT INTO public.illness_on_medical_examination (illness_id, medical_examination_id) VALUES (3, 69);
            INSERT INTO public.illness_on_medical_examination (illness_id, medical_examination_id) VALUES (6, 51);
            INSERT INTO public.illness_on_medical_examination (illness_id, medical_examination_id) VALUES (8, 20);
            INSERT INTO public.illness_on_medical_examination (illness_id, medical_examination_id) VALUES (7, 19);
            INSERT INTO public.illness_on_medical_examination (illness_id, medical_examination_id) VALUES (8, 98);
            INSERT INTO public.illness_on_medical_examination (illness_id, medical_examination_id) VALUES (3, 14);
            INSERT INTO public.illness_on_medical_examination (illness_id, medical_examination_id) VALUES (4, 64);
            INSERT INTO public.illness_on_medical_examination (illness_id, medical_examination_id) VALUES (2, 11);
            INSERT INTO public.illness_on_medical_examination (illness_id, medical_examination_id) VALUES (3, 80);
            INSERT INTO public.illness_on_medical_examination (illness_id, medical_examination_id) VALUES (7, 74);
            INSERT INTO public.illness_on_medical_examination (illness_id, medical_examination_id) VALUES (5, 86);
            INSERT INTO public.illness_on_medical_examination (illness_id, medical_examination_id) VALUES (1, 87);
            INSERT INTO public.illness_on_medical_examination (illness_id, medical_examination_id) VALUES (9, 23);
            INSERT INTO public.illness_on_medical_examination (illness_id, medical_examination_id) VALUES (7, 42);
            INSERT INTO public.illness_on_medical_examination (illness_id, medical_examination_id) VALUES (4, 75);
            INSERT INTO public.illness_on_medical_examination (illness_id, medical_examination_id) VALUES (9, 39);
            INSERT INTO public.illness_on_medical_examination (illness_id, medical_examination_id) VALUES (3, 71);
            INSERT INTO public.illness_on_medical_examination (illness_id, medical_examination_id) VALUES (3, 72);
            INSERT INTO public.illness_on_medical_examination (illness_id, medical_examination_id) VALUES (5, 17);
            INSERT INTO public.illness_on_medical_examination (illness_id, medical_examination_id) VALUES (3, 12);
            INSERT INTO public.illness_on_medical_examination (illness_id, medical_examination_id) VALUES (3, 32);
            INSERT INTO public.illness_on_medical_examination (illness_id, medical_examination_id) VALUES (5, 51);
            INSERT INTO public.illness_on_medical_examination (illness_id, medical_examination_id) VALUES (4, 88);
            INSERT INTO public.illness_on_medical_examination (illness_id, medical_examination_id) VALUES (5, 55);
            INSERT INTO public.illness_on_medical_examination (illness_id, medical_examination_id) VALUES (3, 57);
            INSERT INTO public.illness_on_medical_examination (illness_id, medical_examination_id) VALUES (6, 23);
            INSERT INTO public.illness_on_medical_examination (illness_id, medical_examination_id) VALUES (9, 26);
            INSERT INTO public.illness_on_medical_examination (illness_id, medical_examination_id) VALUES (7, 72);
            INSERT INTO public.illness_on_medical_examination (illness_id, medical_examination_id) VALUES (5, 23);
            INSERT INTO public.illness_on_medical_examination (illness_id, medical_examination_id) VALUES (3, 77);
            INSERT INTO public.illness_on_medical_examination (illness_id, medical_examination_id) VALUES (8, 72);
            INSERT INTO public.illness_on_medical_examination (illness_id, medical_examination_id) VALUES (5, 70);
            INSERT INTO public.illness_on_medical_examination (illness_id, medical_examination_id) VALUES (2, 92);
            INSERT INTO public.illness_on_medical_examination (illness_id, medical_examination_id) VALUES (8, 51);
            INSERT INTO public.illness_on_medical_examination (illness_id, medical_examination_id) VALUES (7, 28);
            INSERT INTO public.illness_on_medical_examination (illness_id, medical_examination_id) VALUES (8, 88);
            INSERT INTO public.illness_on_medical_examination (illness_id, medical_examination_id) VALUES (9, 6);
            INSERT INTO public.illness_on_medical_examination (illness_id, medical_examination_id) VALUES (7, 86);
            INSERT INTO public.illness_on_medical_examination (illness_id, medical_examination_id) VALUES (7, 39);
            INSERT INTO public.illness_on_medical_examination (illness_id, medical_examination_id) VALUES (2, 62);
            INSERT INTO public.illness_on_medical_examination (illness_id, medical_examination_id) VALUES (5, 82);
            INSERT INTO public.illness_on_medical_examination (illness_id, medical_examination_id) VALUES (6, 8);
            INSERT INTO public.illness_on_medical_examination (illness_id, medical_examination_id) VALUES (8, 1);
            INSERT INTO public.illness_on_medical_examination (illness_id, medical_examination_id) VALUES (8, 74);
            INSERT INTO public.illness_on_medical_examination (illness_id, medical_examination_id) VALUES (4, 22);
            INSERT INTO public.illness_on_medical_examination (illness_id, medical_examination_id) VALUES (4, 92);
            INSERT INTO public.illness_on_medical_examination (illness_id, medical_examination_id) VALUES (7, 24);
            INSERT INTO public.illness_on_medical_examination (illness_id, medical_examination_id) VALUES (2, 69);
            INSERT INTO public.illness_on_medical_examination (illness_id, medical_examination_id) VALUES (6, 82);
            INSERT INTO public.illness_on_medical_examination (illness_id, medical_examination_id) VALUES (8, 57);
            INSERT INTO public.illness_on_medical_examination (illness_id, medical_examination_id) VALUES (9, 16);
            INSERT INTO public.illness_on_medical_examination (illness_id, medical_examination_id) VALUES (3, 9);
            INSERT INTO public.illness_on_medical_examination (illness_id, medical_examination_id) VALUES (1, 66);
            INSERT INTO public.illness_on_medical_examination (illness_id, medical_examination_id) VALUES (6, 52);
            INSERT INTO public.illness_on_medical_examination (illness_id, medical_examination_id) VALUES (4, 62);
            INSERT INTO public.illness_on_medical_examination (illness_id, medical_examination_id) VALUES (5, 58);
            INSERT INTO public.illness_on_medical_examination (illness_id, medical_examination_id) VALUES (2, 83);
            INSERT INTO public.illness_on_medical_examination (illness_id, medical_examination_id) VALUES (3, 97);
            INSERT INTO public.illness_on_medical_examination (illness_id, medical_examination_id) VALUES (6, 96);
            INSERT INTO public.illness_on_medical_examination (illness_id, medical_examination_id) VALUES (4, 32);
            INSERT INTO public.illness_on_medical_examination (illness_id, medical_examination_id) VALUES (8, 54);
            INSERT INTO public.illness_on_medical_examination (illness_id, medical_examination_id) VALUES (5, 45);
            INSERT INTO public.illness_on_medical_examination (illness_id, medical_examination_id) VALUES (3, 94);
            INSERT INTO public.illness_on_medical_examination (illness_id, medical_examination_id) VALUES (3, 23);
            INSERT INTO public.illness_on_medical_examination (illness_id, medical_examination_id) VALUES (8, 65);
            INSERT INTO public.illness_on_medical_examination (illness_id, medical_examination_id) VALUES (8, 56);
            INSERT INTO public.illness_on_medical_examination (illness_id, medical_examination_id) VALUES (5, 97);
            INSERT INTO public.illness_on_medical_examination (illness_id, medical_examination_id) VALUES (5, 53);
            INSERT INTO public.illness_on_medical_examination (illness_id, medical_examination_id) VALUES (1, 78);
            INSERT INTO public.illness_on_medical_examination (illness_id, medical_examination_id) VALUES (3, 87);
            INSERT INTO public.illness_on_medical_examination (illness_id, medical_examination_id) VALUES (2, 55);
            INSERT INTO public.illness_on_medical_examination (illness_id, medical_examination_id) VALUES (1, 76);
            INSERT INTO public.illness_on_medical_examination (illness_id, medical_examination_id) VALUES (6, 5);
            INSERT INTO public.illness_on_medical_examination (illness_id, medical_examination_id) VALUES (2, 37);
            INSERT INTO public.illness_on_medical_examination (illness_id, medical_examination_id) VALUES (6, 45);
            INSERT INTO public.illness_on_medical_examination (illness_id, medical_examination_id) VALUES (4, 74);
            INSERT INTO public.illness_on_medical_examination (illness_id, medical_examination_id) VALUES (2, 46);
            INSERT INTO public.illness_on_medical_examination (illness_id, medical_examination_id) VALUES (5, 42);
            INSERT INTO public.illness_on_medical_examination (illness_id, medical_examination_id) VALUES (4, 90);
            INSERT INTO public.illness_on_medical_examination (illness_id, medical_examination_id) VALUES (8, 34);
            INSERT INTO public.illness_on_medical_examination (illness_id, medical_examination_id) VALUES (5, 25);
            INSERT INTO public.illness_on_medical_examination (illness_id, medical_examination_id) VALUES (5, 68);
            INSERT INTO public.illness_on_medical_examination (illness_id, medical_examination_id) VALUES (1, 16);
            INSERT INTO public.illness_on_medical_examination (illness_id, medical_examination_id) VALUES (5, 83);
            INSERT INTO public.illness_on_medical_examination (illness_id, medical_examination_id) VALUES (4, 50);
            INSERT INTO public.illness_on_medical_examination (illness_id, medical_examination_id) VALUES (4, 98);